{
    "INFORMATION": [
        [
            "ModelName",
            "D:/Pycharm/Pywork/Mastan0515/Source/gui/msasect/Hollow Poly_Steady.Json"
        ],
        [
            "Version",
            ""
        ],
        [
            "Date",
            ""
        ],
        [
            "LastRevised",
            ""
        ],
        [
            "Description",
            ""
        ]
    ],
    "MATERIAL": [
        [
            1,
            205000.0,
            78846.15384615384,
            0.3,
            345.0,
            0.15,
            0.00785,
            "C",
            1,
            20500,
            39000,
            0,
            1,
            0,
            "#aaffff",
            2,
            0.064,
            460,
            0,
            0,
            0,
            0
        ]
    ],
    "POINT": [
        [
            1,
            0.0,
            100.0
        ],
        [
            2,
            86.603,
            50.0
        ],
        [
            3,
            86.603,
            -50.0
        ],
        [
            4,
            0.0,
            -100.0
        ],
        [
            5,
            -86.603,
            -50.0
        ],
        [
            6,
            -86.603,
            50.0
        ],
        [
            7,
            0.0,
            65.359
        ],
        [
            8,
            56.603,
            32.679
        ],
        [
            9,
            56.603,
            -32.679
        ],
        [
            10,
            0.0,
            -65.359
        ],
        [
            11,
            -56.603,
            -32.679
        ],
        [
            12,
            -56.603,
            32.679
        ]
    ],
    "OUTLINE": [
        [
            1,
            1,
            1,
            "S",
            1,
            2,
            0.0,
            873.15,
            0.0,
            0,
            0.0,
            0.0
        ],
        [
            2,
            1,
            1,
            "S",
            2,
            3,
            0.0,
            873.15,
            0.0,
            0,
            0.0,
            0.0
        ],
        [
            3,
            1,
            1,
            "S",
            3,
            4,
            0.0,
            873.15,
            0.0,
            0,
            0.0,
            0.0
        ],
        [
            4,
            1,
            1,
            "S",
            4,
            5,
            0.0,
            873.15,
            0.0,
            0,
            0.0,
            0.0
        ],
        [
            5,
            1,
            1,
            "S",
            5,
            6,
            0.0,
            873.15,
            0.0,
            0,
            0.0,
            0.0
        ],
        [
            6,
            1,
            1,
            "S",
            6,
            1,
            0.0,
            873.15,
            0.0,
            0,
            0.0,
            0.0
        ],
        [
            7,
            1,
            1,
            "O",
            7,
            8,
            0.0,
            373.15,
            0.0,
            0,
            0.0,
            0.0
        ],
        [
            8,
            1,
            1,
            "O",
            8,
            9,
            0.0,
            373.15,
            0.0,
            0,
            0.0,
            0.0
        ],
        [
            9,
            1,
            1,
            "O",
            9,
            10,
            0.0,
            373.15,
            0.0,
            0,
            0.0,
            0.0
        ],
        [
            10,
            1,
            1,
            "O",
            10,
            11,
            0.0,
            373.15,
            0.0,
            0,
            0.0,
            0.0
        ],
        [
            11,
            1,
            1,
            "O",
            11,
            12,
            0.0,
            373.15,
            0.0,
            0,
            0.0,
            0.0
        ],
        [
            12,
            1,
            1,
            "O",
            12,
            7,
            0.0,
            373.15,
            0.0,
            0,
            0.0,
            0.0
        ]
    ],
    "LOOP": [
        [
            1,
            [
                1,
                2,
                3,
                4,
                5,
                6
            ]
        ],
        [
            2,
            [
                7,
                8,
                9,
                10,
                11,
                12
            ]
        ]
    ],
    "GROUP": [
        [
            1,
            1,
            [
                1,
                2
            ]
        ]
    ],
    "YIELDSANALINFO": {},
    "Temperature": [
        [
            1,
            873.15
        ],
        [
            2,
            873.15
        ],
        [
            3,
            873.15
        ],
        [
            4,
            873.15
        ],
        [
            5,
            873.15
        ],
        [
            6,
            873.15
        ],
        [
            7,
            373.15
        ],
        [
            8,
            373.15
        ],
        [
            9,
            373.15
        ],
        [
            10,
            373.15
        ],
        [
            11,
            373.15
        ],
        [
            12,
            373.15
        ]
    ],
    "HeatFlux": [
        [
            1,
            0.0
        ],
        [
            2,
            0.0
        ],
        [
            3,
            0.0
        ],
        [
            4,
            0.0
        ],
        [
            5,
            0.0
        ],
        [
            6,
            0.0
        ],
        [
            7,
            0.0
        ],
        [
            8,
            0.0
        ],
        [
            9,
            0.0
        ],
        [
            10,
            0.0
        ],
        [
            11,
            0.0
        ],
        [
            12,
            0.0
        ]
    ],
    "Convection": [
        [
            1,
            [
                0.0,
                0.0
            ]
        ],
        [
            2,
            [
                0.0,
                0.0
            ]
        ],
        [
            3,
            [
                0.0,
                0.0
            ]
        ],
        [
            4,
            [
                0.0,
                0.0
            ]
        ],
        [
            5,
            [
                0.0,
                0.0
            ]
        ],
        [
            6,
            [
                0.0,
                0.0
            ]
        ],
        [
            7,
            [
                0.0,
                0.0
            ]
        ],
        [
            8,
            [
                0.0,
                0.0
            ]
        ],
        [
            9,
            [
                0.0,
                0.0
            ]
        ],
        [
            10,
            [
                0.0,
                0.0
            ]
        ],
        [
            11,
            [
                0.0,
                0.0
            ]
        ],
        [
            12,
            [
                0.0,
                0.0
            ]
        ]
    ]
}