{
    "INFORMATION": [
        [
            "ModelName",
            "D:/Pycharm/Pywork/Mastan0515/Source/gui/msasect/examples/Heat Transfer Analysis Examples/Steady-State Analysis/ISection_Steady.Json"
        ],
        [
            "Version",
            ""
        ],
        [
            "Date",
            ""
        ],
        [
            "LastRevised",
            ""
        ],
        [
            "Description",
            ""
        ]
    ],
    "MATERIAL": [
        [
            1,
            205000.0,
            78846.15384615384,
            0.3,
            345.0,
            0.15,
            0.00785,
            "S",
            1,
            20500,
            39000,
            0,
            1,
            0,
            "#aaffff",
            2,
            0.064,
            460,
            0,
            0,
            0,
            0
        ]
    ],
    "POINT": [
        [
            1,
            0,
            0
        ],
        [
            2,
            0,
            403.86
        ],
        [
            3,
            -44.958,
            403.86
        ],
        [
            4,
            -44.958,
            246.38
        ],
        [
            5,
            -46.485,
            234.376
        ],
        [
            6,
            -50.835,
            224.199
        ],
        [
            7,
            -57.345,
            217.399
        ],
        [
            8,
            -65.024,
            215.011
        ],
        [
            9,
            -1052.576,
            215.011
        ],
        [
            10,
            -1060.255,
            217.399
        ],
        [
            11,
            -1066.765,
            224.199
        ],
        [
            12,
            -1071.115,
            234.376
        ],
        [
            13,
            -1072.6419999999998,
            246.38
        ],
        [
            14,
            -1072.6419999999998,
            403.86
        ],
        [
            15,
            -1117.6,
            403.86
        ],
        [
            16,
            -1117.6,
            0.0
        ],
        [
            17,
            -1072.6419999999998,
            0.0
        ],
        [
            18,
            -1072.6419999999998,
            157.48
        ],
        [
            19,
            -1071.115,
            169.484
        ],
        [
            20,
            -1066.765,
            179.661
        ],
        [
            21,
            -1060.255,
            186.461
        ],
        [
            22,
            -1052.576,
            188.849
        ],
        [
            23,
            -65.024,
            188.849
        ],
        [
            24,
            -57.345,
            186.461
        ],
        [
            25,
            -50.835,
            179.661
        ],
        [
            26,
            -46.485,
            169.484
        ],
        [
            27,
            -44.958,
            157.48
        ],
        [
            28,
            -44.958,
            0
        ]
    ],
    "OUTLINE": [
        [
            1,
            1,
            1,
            "S",
            1,
            2,
            0.0,
            273.15,
            0.6,
            0,
            0.0,
            0.6
        ],
        [
            2,
            1,
            1,
            "S",
            2,
            3,
            0.0,
            273.15,
            0.6,
            0,
            0.0,
            0.6
        ],
        [
            3,
            1,
            1,
            "S",
            3,
            4,
            0.0,
            0.0,
            0.0,
            0,
            0.0,
            0.0
        ],
        [
            4,
            1,
            1,
            "S",
            4,
            5,
            0.0,
            0.0,
            0.0,
            0,
            0.0,
            0.0
        ],
        [
            5,
            1,
            1,
            "S",
            5,
            6,
            0.0,
            0.0,
            0.0,
            0,
            0.0,
            0.0
        ],
        [
            6,
            1,
            1,
            "S",
            6,
            7,
            0.0,
            0.0,
            0.0,
            0,
            0.0,
            0.0
        ],
        [
            7,
            1,
            1,
            "S",
            7,
            8,
            0.0,
            0.0,
            0.0,
            0,
            0.0,
            0.0
        ],
        [
            8,
            1,
            1,
            "S",
            8,
            9,
            0.0,
            0.0,
            0.0,
            0,
            0.0,
            0.0
        ],
        [
            9,
            1,
            1,
            "S",
            9,
            10,
            0.0,
            0.0,
            0.0,
            0,
            0.0,
            0.0
        ],
        [
            10,
            1,
            1,
            "S",
            10,
            11,
            0.0,
            0.0,
            0.0,
            0,
            0.0,
            0.0
        ],
        [
            11,
            1,
            1,
            "S",
            11,
            12,
            0.0,
            0.0,
            0.0,
            0,
            0.0,
            0.0
        ],
        [
            12,
            1,
            1,
            "S",
            12,
            13,
            0.0,
            0.0,
            0.0,
            0,
            0.0,
            0.0
        ],
        [
            13,
            1,
            1,
            "S",
            13,
            14,
            0.0,
            0.0,
            0.0,
            0,
            0.0,
            0.0
        ],
        [
            14,
            1,
            1,
            "S",
            14,
            15,
            0.0,
            0.0,
            0.0,
            0,
            0.0,
            0.0
        ],
        [
            15,
            1,
            1,
            "S",
            15,
            16,
            0.0,
            473.15,
            0.0,
            0,
            0.0,
            0.0
        ],
        [
            16,
            1,
            1,
            "S",
            16,
            17,
            0.0,
            0.0,
            0.0,
            0,
            0.0,
            0.0
        ],
        [
            17,
            1,
            1,
            "S",
            17,
            18,
            0.0,
            0.0,
            0.0,
            0,
            0.0,
            0.0
        ],
        [
            18,
            1,
            1,
            "S",
            18,
            19,
            0.0,
            0.0,
            0.0,
            0,
            0.0,
            0.0
        ],
        [
            19,
            1,
            1,
            "S",
            19,
            20,
            0.0,
            0.0,
            0.0,
            0,
            0.0,
            0.0
        ],
        [
            20,
            1,
            1,
            "S",
            20,
            21,
            0.0,
            0.0,
            0.0,
            0,
            0.0,
            0.0
        ],
        [
            21,
            1,
            1,
            "S",
            21,
            22,
            0.0,
            0.0,
            0.0,
            0,
            0.0,
            0.0
        ],
        [
            22,
            1,
            1,
            "S",
            22,
            23,
            0.0,
            0.0,
            0.0,
            0,
            0.0,
            0.0
        ],
        [
            23,
            1,
            1,
            "S",
            23,
            24,
            0.0,
            0.0,
