{
    "INFORMATION": [
        [
            "ModelName",
            "D:/Pycharm/Pywork/Mastan0515/Source/gui/msasect/examples/Heat Transfer/Rec_CFST_Steady.Json"
        ],
        [
            "Version",
            ""
        ],
        [
            "Date",
            ""
        ],
        [
            "LastRevised",
            ""
        ],
        [
            "Description",
            ""
        ]
    ],
    "MATERIAL": [
        [
            1,
            205000.0,
            78846.15384615384,
            0.3,
            345.0,
            0.15,
            7.85e-06,
            "H",
            1.0,
            20500.0,
            39000.0,
            0.0,
            1.0,
            0,
            "#aaffff",
            2.0,
            0.0064,
            460.0,
            0.0,
            0.0,
            0.0,
            0.0
        ],
        [
            2,
            205000.0,
            78846.15384615384,
            0.3,
            345.0,
            0.15,
            7.85e-06,
            "H",
            1.0,
            20500.0,
            39000.0,
            0.0,
            1.0,
            0,
            "#aaffff",
            2.0,
            0.64,
            460.0,
            0.0,
            0.0,
            0.0,
            0.0
        ]
    ],
    "POINT": [
        [
            1,
            0.0,
            0.0
        ],
        [
            2,
            200.0,
            0.0
        ],
        [
            3,
            200.0,
            200.0
        ],
        [
            4,
            0.0,
            200.0
        ],
        [
            5,
            0.0,
            0.0
        ],
        [
            6,
            200.0,
            0.0
        ],
        [
            7,
            200.0,
            200.0
        ],
        [
            8,
            0.0,
            200.0
        ],
        [
            9,
            -5.0,
            -5.0
        ],
        [
            10,
            205.0,
            -5.0
        ],
        [
            11,
            205.0,
            205.0
        ],
        [
            12,
            -5.0,
            205.0
        ]
    ],
    "OUTLINE": [
        [
            1,
            1,
            1,
            "S",
            1,
            2,
            0.0,
            0.0,
            0.0,
            0,
            0.0,
            0.0
        ],
        [
            2,
            1,
            1,
            "S",
            2,
            3,
            0.0,
            0.0,
            0.0,
            0,
            0.0,
            0.0
        ],
        [
            3,
            1,
            1,
            "S",
            3,
            4,
            0.0,
            0.0,
            0.0,
            0,
            0.0,
            0.0
        ],
        [
            4,
            1,
            1,
            "S",
            4,
            1,
            0.0,
            0.0,
            0.0,
            0,
            0.0,
            0.0
        ],
        [
            5,
            2,
            2,
            "O",
            5,
            6,
            0.0,
            0.0,
            0.0,
            0,
            0.0,
            0.0
        ],
        [
            6,
            2,
            2,
            "O",
            6,
            7,
            0.0,
            0.0,
            0.0,
            0,
            0.0,
            0.0
        ],
        [
            7,
            2,
            2,
            "O",
            7,
            8,
            0.0,
            0.0,
            0.0,
            0,
            0.0,
            0.0
        ],
        [
            8,
            2,
            2,
            "O",
            8,
            5,
            0.0,
            0.0,
            0.0,
            0,
            0.0,
            0.0
        ],
        [
            9,
            2,
            3,
            "S",
            9,
            10,
            0.0,
            0.0,
            0.0,
            0,
            0.0,
            0.0
        ],
        [
            10,
            2,
            3,
            "S",
            10,
            11,
            0.0,
            600.0,
            0.0,
            0,
            0.0,
            0.0
        ],
        [
            11,
            2,
            3,
            "S",
            11,
            12,
            0.0,
            0.0,
            0.0,
            0,
            0.0,
            0.0
        ],
        [
            12,
            2,
            3,
            "S",
            12,
            9,
            0.0,
            20.0,
            0.0,
            0,
            0.0,
            0.0
        ]
    ],
    "LOOP": [
        [
            1,
            [
                1,
                2,
                3,
                4
            ]
        ],
        [
            2,
            [
                5,
                6,
                7,
                8
            ]
        ],
        [
            3,
            [
                9,
                10,
                11,
                12
            ]
        ]
    ],
    "GROUP": [
        [
            1,
            1,
            [
                1
            ]
        ],
        [
            2,
            2,
            [
                2,
                3
            ]
        ]
    ],
    "YIELDSANALINFO": {},
    "Temperature": [
        [
            1,
            0.0
        ],
        [
            2,
            0.0
        ],
        [
            3,
            0.0
        ],
        [
            4,
            0.0
        ],
        [
            5,
            0.0
        ],
        [
            6,
            0.0
        ],
        [
            7,
            0.0
        ],
        [
            8,
            0.0
        ],
        [
            9,
            0.0
        ],
        [
            10,
            600.0
        ],
        [
            11,
            0.0
        ],
        [
            12,
            20.0
        ]
    ],
    "HeatFlux": [
        [
            1,
            0.0
        ],
        [
            2,
            0.0
        ],
        [
            3,
            0.0
        ],
        [
            4,
            0.0
        ],
        [
            5,
            0.0
        ],
        [
            6,
            0.0
        ],
        [
            7,
            0.0
        ],
        [
            8,
            0.0
        ],
        [
            9,
            0.0
        ],
        [
            10,
            0.0
        ],
        [
            11,
            0.0
        ],
        [
            12,
            0.0
        ]
    ],