{
    "INFORMATION": [
        [
            "ModelName",
            "D:/Pycharm/Pywork/Mastan0515/Source/gui/msasect/Hollow Rec_Transient.Json"
        ],
        [
            "Version",
            ""
        ],
        [
            "Date",
            ""
        ],
        [
            "LastRevised",
            ""
        ],
        [
            "Description",
            ""
        ]
    ],
    "MATERIAL": [
        [
            1,
            205000.0,
            78846.15384615384,
            0.3,
            345.0,
            0.15,
            0.00785,
            "H",
            1,
            20500,
            39000,
            0,
            1,
            0,
            "#aaffff",
            2,
            0.64,
            460.0,
            0,
            0,
            0,
            0
        ]
    ],
    "POINT": [
        [
            1,
            0,
            0
        ],
        [
            2,
            0,
            305.0
        ],
        [
            3,
            -609.9,
            305.0
        ],
        [
            4,
            -609.9,
            0
        ],
        [
            5,
            -40.0,
            40.0
        ],
        [
            6,
            -40.0,
            265.0
        ],
        [
            7,
            -569.9,
            265.0
        ],
        [
            8,
            -569.9,
            40.0
        ]
    ],
    "OUTLINE": [
        [
            1,
            1,
            1,
            "S",
            1,
            2,
            0.0,
            0.0,
            0.06,
            1,
            0.0,
            0.06
        ],
        [
            2,
            1,
            1,
            "S",
            2,
            3,
            0.0,
            0.0,
            0.06,
            1,
            0.0,
            0.06
        ],
        [
            3,
            1,
            1,
            "S",
            3,
            4,
            0.0,
            0.0,
            0.06,
            1,
            0.0,
            0.06
        ],
        [
            4,
            1,
            1,
            "S",
            4,
            1,
            0.0,
            0.0,
            0.06,
            1,
            0.0,
            0.06
        ],
        [
            5,
            1,
            2,
            "O",
            5,
            6,
            0.0,
            0.0,
            0.0,
            0,
            0.0,
            0.0
        ],
        [
            6,
            1,
            2,
            "O",
            6,
            7,
            0.0,
            0.0,
            0.0,
            0,
            0.0,
            0.0
        ],
        [
            7,
            1,
            2,
            "O",
            7,
            8,
            0.0,
            0.0,
            0.0,
            0,
            0.0,
            0.0
        ],
        [
            8,
            1,
            2,
            "O",
            8,
            5,
            0.0,
            0.0,
            0.0,
            0,
            0.0,
            0.0
        ]
    ],
    "LOOP": [
        [
            1,
            [
                1,
                2,
                3,
                4
            ]
        ],
        [
            2,
            [
                5,
                6,
                7,
                8
            ]
        ]
    ],
    "GROUP": [
        [
            1,
            1,
            [
                1,
                2
            ]
        ]
    ],
    "YIELDSANALINFO": {},
    "Temperature": [
        [
            1,
            0
        ],
        [
            2,
            0
        ],
        [
            3,
            0
        ],
        [
            4,
            0
        ],
        [
            5,
            0.0
        ],
        [
            6,
            0.0
        ],
        [
            7,
            0.0
        ],
        [
            8,
            0.0
        ]
    ],
    "HeatFlux": [
        [
            1,
            0.0
        ],
        [
            2,
            0.0
        ],
        [
            3,
            0.0
        ],
        [
            4,
            0.0
        ],
        [
            5,
            0.0
        ],
        [
            6,
            0.0
        ],
        [
            7,
            0.0
        ],
        [
            8,
            0.0
        ]
    ],
    "Convection": [
        [
            1,
            [
                0.06,
                0.0
            ]
        ],
        [
            2,
            [
                0.06,
                0.0
            ]
        ],
        [
            3,
            [
                0.06,
                0.0
            ]
        ],
        [
            4,
            [
                0.06,
                0.0
            ]
        ],
        [
            5,
            [
                0.0,
                0.0
            ]
        ],
        [
            6,
            [
                0.0,
                0.0
            ]
        ],
        [
            7,
            [
                0.0,
                0.0
            ]
        ],
        [
            8,
            [
                0.0,
                0.0
            ]
        ]
    ]
}