{
    "INFORMATION": [
        [
            "ModelName",
            "D:/Pycharm/Pywork/Mastan0515/Source/gui/msasect/examples/Heat Transfer/ISection_Transient.Json"
        ],
        [
            "Version",
            ""
        ],
        [
            "Date",
            ""
        ],
        [
            "LastRevised",
            ""
        ],
        [
            "Description",
            ""
        ]
    ],
    "MATERIAL": [
        [
            1,
            205000.0,
            78846.15384615384,
            0.3,
            345.0,
            0.15,
            0.00785,
            "H",
            1,
            20500,
            39000,
            0,
            1,
            0,
            "#aaffff",
            2,
            6.0,
            460.0,
            0,
            0,
            0,
            0
        ]
    ],
    "POINT": [
        [
            1,
            0.0,
            0.0
        ],
        [
            2,
            0.0,
            403.86
        ],
        [
            3,
            -80.0,
            403.86
        ],
        [
            4,
            -80.0,
            226.93
        ],
        [
            5,
            -1037.6,
            226.93
        ],
        [
            6,
            -1037.6,
            403.86
        ],
        [
            7,
            -1117.6,
            403.86
        ],
        [
            8,
            -1117.6,
            0.0
        ],
        [
            9,
            -1037.6,
            0.0
        ],
        [
            10,
            -1037.6,
            176.93
        ],
        [
            11,
            -80.0,
            176.93
        ],
        [
            12,
            -80.0,
            0.0
        ]
    ],
    "OUTLINE": [
        [
            1,
            1,
            1,
            "S",
            1,
            2,
            0.0,
            0.0,
            0.06,
            1,
            0.0,
            0.0
        ],
        [
            2,
            1,
            1,
            "S",
            2,
            3,
            0.0,
            0.0,
            0.06,
            1,
            0.0,
            0.0
        ],
        [
            3,
            1,
            1,
            "S",
            3,
            4,
            0.0,
            0.0,
            0.0,
            0,
            0.0,
            0.0
        ],
        [
            4,
            1,
            1,
            "S",
            4,
            5,
            0.0,
            0.0,
            0.0,
            0,
            0.0,
            0.0
        ],
        [
            5,
            1,
            1,
            "S",
            5,
            6,
            0.0,
            0.0,
            0.0,
            0,
            0.0,
            0.0
        ],
        [
            6,
            1,
            1,
            "S",
            6,
            7,
            0.0,
            0.0,
            0.0,
            0,
            0.0,
            0.0
        ],
        [
            7,
            1,
            1,
            "S",
            7,
            8,
            0.0,
            0.0,
            0.0,
            0,
            0.0,
            0.0
        ],
        [
            8,
            1,
            1,
            "S",
            8,
            9,
            0.0,
            0.0,
            0.0,
            0,
            0.0,
            0.0
        ],
        [
            9,
            1,
            1,
            "S",
            9,
            10,
            0.0,
            0.0,
            0.0,
            0,
            0.0,
            0.0
        ],
        [
            10,
            1,
            1,
            "S",
            10,
            11,
            0.0,
            0.0,
            0.0,
            0,
            0.0,
            0.0
        ],
        [
            11,
            1,
            1,
            "S",
            11,
            12,
            0.0,
            0.0,
            0.0,
            0,
            0.0,
            0.0
        ],
        [
            12,
            1,
            1,
            "S",
            12,
            1,
            0.0,
            0.0,
            0.06,
            1,
            0.0,
            0.0
        ]
    ],
    "LOOP": [
        [
            1,
            [
                1,
                2,
                3,
                4,
                5,
                6,
                7,
                8,
                9,
                10,
                11,
                12
            ]
        ]
    ],
    "GROUP": [
        [
            1,
            1,
            [
                1
            ]
        ]
    ],
    "YIELDSANALINFO": {},
    "Temperature": [
        [
            1,
            0.0
        ],
        [
            2,
            0.0
        ],
        [
            3,
            0.0
        ],
        [
            4,
            0.0
        ],
        [
            5,
            0.0
        ],
        [
            6,
            0.0
        ],
        [
            7,
            0.0
        ],
        [
            8,
            0.0
        ],
        [
            9,
            0.0
        ],
        [
            10,
            0.0
        ],
        [
            11,
            0.0
        ],
        [
            12,
            0.0
        ]
    ],
    "HeatFlux": [
        [
            1,
            0.0
        ],
        [
            2,
            0.0
        ],
        [
            3,
            0.0
        ],
        [
            4,
            0.0
        ],
        [
            5,
            0.0
        ],
        [
            6,
            0.0
        ],
        [
            7,
            0.0
        ],
        [
            8,
            0.0
        ],
        [
            9,
            0.0
        ],
        [
            10,
            0.0
        ],
        [
            11,
            0.0
        ],
        [
            12,
            0.0
        ]
    ],
    "Convection": [
        [
            1,
            [
                0.06,
                0
            ]
        ],
        [
            2,
            [
                0.06,
                0
            ]
        ],
        [
            3,
            [
                0.0,
                0
            ]
        ],
        [
            4,
            [
                0.0,
                0
            ]
        ],
        [
            5,
            [
                0.0,
                0
            ]
        ],
        [
            6,
            [
                0.0,
                0
            ]
        ],
        [
            7,
            [
                0.0,
                0
            ]
        ],
        [
            8,
            [
                0.0,
                0
            ]
        ],
        [
            9,
            [
                0.0,
                0
            ]
        ],
        [
            10,
            [
                0.0,
                0
            ]
        ],
        [
            11,
            [
                0.0,
                0
            ]
        ],
        [
            12,
            [
                0.06,
                0
            ]
        ]
    ]
}