{
    "INFORMATION": [
        [
            "ModelName",
            "D:/Pycharm/Pywork/Mastan0515/Source/gui/msasect/LSection_Transient.Json"
        ],
        [
            "Version",
            ""
        ],
        [
            "Date",
            ""
        ],
        [
            "LastRevised",
            ""
        ],
        [
            "Description",
            ""
        ]
    ],
    "MATERIAL": [
        [
            1,
            205000.0,
            78846.15384615384,
            0.3,
            345.0,
            0.15,
            0.00785,
            "H",
            1,
            20500,
            39000,
            0,
            1,
            0,
            "#aaffff",
            2,
            0.6,
            460.0,
            0,
            0,
            0,
            0
        ]
    ],
    "POINT": [
        [
            1,
            0,
            0
        ],
        [
            2,
            0,
            -34.925
        ],
        [
            3,
            -269.875,
            -34.925
        ],
        [
            4,
            -269.875,
            -304.8
        ],
        [
            5,
            -304.8,
            -304.8
        ],
        [
            6,
            -304.8,
            0
        ]
    ],
    "OUTLINE": [
        [
            1,
            1,
            1,
            "S",
            1,
            2,
            0.0,
            0.0,
            0.0,
            0,
            0.0,
            0.0
        ],
        [
            2,
            1,
            1,
            "S",
            2,
            3,
            0.0,
            0.0,
            0.0,
            0,
            0.0,
            0.0
        ],
        [
            3,
            1,
            1,
            "S",
            3,
            4,
            0.0,
            0.0,
            0.0,
            0,
            0.0,
            0.0
        ],
        [
            4,
            1,
            1,
            "S",
            4,
            5,
            0.0,
            0.0,
            0.0,
            0,
            0.0,
            0.0
        ],
        [
            5,
            1,
            1,
            "S",
            5,
            6,
            0.0,
            0.0,
            0.06,
            1,
            0.0,
            0.06
        ],
        [
            6,
            1,
            1,
            "S",
            6,
            1,
            0.0,
            0.0,
            0.06,
            1,
            0.0,
            0.06
        ]
    ],
    "LOOP": [
        [
            1,
            [
                1,
                2,
                3,
                4,
                5,
                6
            ]
        ]
    ],
    "GROUP": [
        [
            1,
            1,
            [
                1
            ]
        ]
    ],
    "YIELDSANALINFO": {},
    "Temperature": {},
    "HeatFlux": {},
    "Convection": {}
}