{
    "INFORMATION": [
        [
            "ModelName",
            "D:/Pycharm/Pywork/Mastan0515/Source/gui/msasect/examples/AISC-section/Outline/AISC-Example-WT155X171.Json"
        ],
        [
            "Version",
            ""
        ],
        [
            "Date",
            ""
        ],
        [
            "LastRevised",
            ""
        ],
        [
            "Description",
            ""
        ]
    ],
    "MATERIAL": [
        [
            1,
            205000.0,
            78846.15384615384,
            0.3,
            345.0,
            0.15,
            0.00785,
            "S",
            1,
            20500,
            39000,
            0,
            1,
            0,
            "#aaffff",
            2,
            0,
            0,
            0,
            0,
            0,
            0
        ]
    ],
    "POINT": [
        [
            1,
            0.0,
            327.66
        ],
        [
            2,
            -52.58,
            327.66
        ],
        [
            3,
            -52.58,
            195.45
        ],
        [
            4,
            -53.74,
            189.62
        ],
        [
            5,
            -57.04,
            184.68
        ],
        [
            6,
            -61.99,
            181.37
        ],
        [
            7,
            -67.82,
            180.21
        ],
        [
            8,
            -191.26,
            180.21
        ],
        [
            9,
            -191.26,
            147.45
        ],
        [
            10,
            -67.82,
            147.45
        ],
        [
            11,
            -61.99,
            146.29
        ],
        [
            12,
            -57.04,
            142.98
        ],
        [
            13,
            -53.74,
            138.04
        ],
        [
            14,
            -52.58,
            132.21
        ],
        [
            15,
            -52.58,
            -0.0
        ],
        [
            16,
            0.0,
            -0.0
        ]
    ],
    "OUTLINE": [
        [
            1,
            1,
            1,
            "S",
            1,
            2,
            0.0,
            0.0,
            0.0,
            0,
            0.0,
            0.0
        ],
        [
            2,
            1,
            1,
            "S",
            2,
            3,
            0.0,
            0.0,
            0.0,
            0,
            0.0,
            0.0
        ],
        [
            3,
            1,
            1,
            "S",
            3,
            4,
            0.0,
            0.0,
            0.0,
            0,
            0.0,
            0.0
        ],
        [
            4,
            1,
            1,
            "S",
            4,
            5,
            0.0,
            0.0,
            0.0,
            0,
            0.0,
            0.0
        ],
        [
            5,
            1,
            1,
            "S",
            5,
            6,
            0.0,
            0.0,
            0.0,
            0,
            0.0,
            0.0
        ],
        [
            6,
            1,
            1,
            "S",
            6,
            7,
            0.0,
            0.0,
            0.0,
            0,
            0.0,
            0.0
        ],
        [
            7,
            1,
            1,
            "S",
            7,
            8,
            0.0,
            0.0,
            0.0,
            0,
            0.0,
            0.0
        ],
        [
            8,
            1,
            1,
            "S",
            8,
            9,
            0.0,
            0.0,
            0.0,
            0,
            0.0,
            0.0
        ],
        [
            9,
            1,
            1,
            "S",
            9,
            10,
            0.0,
            0.0,
            0.0,
            0,
            0.0,
            0.0
        ],
        [
            10,
            1,
            1,
            "S",
            10,
            11,
            0.0,
            0.0,
            0.0,
            0,
            0.0,
            0.0
        ],
        [
            11,
            1,
            1,
            "S",
            11,
            12,
            0.0,
            0.0,
            0.0,
            0,
            0.0,
            0.0
        ],
        [
            12,
            1,
            1,
            "S",
            12,
            13,
            0.0,
            0.0,
            0.0,
            0,
            0.0,
            0.0
        ],
        [
            13,
            1,
            1,
            "S",
            13,
            14,
            0.0,
            0.0,
            0.0,
            0,
            0.0,
            0.0
        ],
        [
            14,
            1,
            1,
            "S",
            14,
            15,
            0.0,
            0.0,
            0.0,
            0,
            0.0,
            0.0
        ],
        [
            15,
            1,
            1,
            "S",
            15,
            16,
            0.0,
            0.0,
            0.0,
            0,
            0.0,
            0.0
        ],
        [
            16,
            1,
            1,
            "S",
            16,
            1,
            0.0,
            0.0,
            0.0,
            0,
            0.0,
            0.0
        ]
    ],
    "LOOP": [
        [
            1,
            [
                1,
                2,
                3,
                4,
                5,
                6,
                7,
                8,
                9,
                10,
                11,
                12,
                13,
                14,
                15,
                16
            ]
        ]
    ],
    "GROUP": [
        [
            1,
            1,
            [
                1
            ]
        ]
    ],
    "YIELDSANALINFO": {},
    "Temperature": {},
    "HeatFlux": {},
    "Convection": {}
}