{
    "INFORMATION": [
        [
            "ModelName",
            "D:/Pycharm/Pywork/Mastan0515/Source/gui/msasect/examples/AISC-section/Outline/AISC-Example-L51X51X10.Json"
        ],
        [
            "Version",
            ""
        ],
        [
            "Date",
            ""
        ],
        [
            "LastRevised",
            ""
        ],
        [
            "Description",
            ""
        ]
    ],
    "MATERIAL": [
        [
            1,
            205000.0,
            78846.15384615384,
            0.3,
            345.0,
            0.15,
            0.00785,
            "S",
            1,
            20500,
            39000,
            0,
            1,
            0,
            "#aaffff",
            2,
            0,
            0,
            0,
            0,
            0,
            0
        ]
    ],
    "POINT": [
        [
            1,
            -0.1,
            -1.229999999999999
        ],
        [
            2,
            -0.38,
            -2.379999999999999
        ],
        [
            3,
            -0.84,
            -3.37
        ],
        [
            4,
            -1.429999999999999,
            -4.12
        ],
        [
            5,
            -2.12,
            -4.599999999999999
        ],
        [
            6,
            -2.859999999999999,
            -4.759999999999999
        ],
        [
            7,
            -39.69,
            -4.759999999999999
        ],
        [
            8,
            -42.11999999999999,
            -5.25
        ],
        [
            9,
            -44.18,
            -6.62
        ],
        [
            10,
            -45.54999999999999,
            -8.68
        ],
        [
            11,
            -46.04,
            -11.11
        ],
        [
            12,
            -46.04,
            -47.93999999999999
        ],
        [
            13,
            -46.2,
            -48.68
        ],
        [
            14,
            -46.68,
            -49.37
        ],
        [
            15,
            -47.43,
            -49.96
        ],
        [
            16,
            -48.42,
            -50.42
        ],
        [
            17,
            -49.57,
            -50.7
        ],
        [
            18,
            -50.8,
            -50.8
        ],
        [
            19,
            -50.8,
            -0.0
        ],
        [
            20,
            0.0,
            -0.0
        ]
    ],
    "OUTLINE": [
        [
            1,
            1,
            1,
            "S",
            1,
            2,
            0.0,
            0.0,
            0.0,
            0,
            0.0,
            0.0
        ],
        [
            2,
            1,
            1,
            "S",
            2,
            3,
            0.0,
            0.0,
            0.0,
            0,
            0.0,
            0.0
        ],
        [
            3,
            1,
            1,
            "S",
            3,
            4,
            0.0,
            0.0,
            0.0,
            0,
            0.0,
            0.0
        ],
        [
            4,
            1,
            1,
            "S",
            4,
            5,
            0.0,
            0.0,
            0.0,
            0,
            0.0,
            0.0
        ],
        [
            5,
            1,
            1,
            "S",
            5,
            6,
            0.0,
            0.0,
            0.0,
            0,
            0.0,
            0.0
        ],
        [
            6,
            1,
            1,
            "S",
            6,
            7,
            0.0,
            0.0,
            0.0,
            0,
            0.0,
            0.0
        ],
        [
            7,
            1,
            1,
            "S",
            7,
            8,
            0.0,
            0.0,
            0.0,
            0,
            0.0,
            0.0
        ],
        [
            8,
            1,
            1,
            "S",
            8,
            9,
            0.0,
            0.0,
            0.0,
            0,
            0.0,
            0.0
        ],
        [
            9,
            1,
            1,
            "S",
            9,
            10,
            0.0,
            0.0,
            0.0,
            0,
            0.0,
            0.0
        ],
        [
            10,
            1,
            1,
            "S",
            10,
            11,
            0.0,
            0.0,
            0.0,
            0,
            0.0,
            0.0
        ],
        [
            11,
            1,
            1,
            "S",
            11,
            12,
            0.0,
            0.0,
            0.0,
            0,
            0.0,
            0.0
        ],
        [
            12,
            1,
            1,
            "S",
            12,
            13,
            0.0,
            0.0,
            0.0,
            0,
            0.0,
            0.0
        ],
        [
            13,
            1,
            1,
            "S",
            13,
            14,
            0.0,
            0.0,
            0.0,
            0,
            0.0,
            0.0
        ],
        [
            14,
            1,
            1,
            "S",
            14,
            15,
            0.0,
            0.0,
            0.0,
            0,
            0.0,
            0.0
        ],
        [
            15,
            1,
            1,
            "S",
            15,
            16,
            0.0,
            0.0,
            0.0,
            0,
            0.0,
            0.0
        ],
        [
            16,
            1,
            1,
            "S",
            16,
            17,
            0.0,
            0.0,
            0.0,
            0,
            0.0,
            0.0
        ],
        [
            17,
            1,
            1,
            "S",
            17,
            18,
            0.0,
            0.0,
            0.0,
            0,
            0.0,
            0.0
        ],
        [
            18,
            1,
            1,
            "S",
            18,
            19,
            0.0,
            0.0,
            0.0,
            0,
            0.0,
            0.0
        ],
        [
            19,
            1,
            1,
            "S",
            19,
            20,
            0.0,
            0.0,
            0.0,
            0,
            0.0,
            0.0
        ],
        [
            20,
            1,
            1,
            "S",
            20,
            1,
            0.0,
            0.0,
            0.0,
            0,
            0.0,
            0.0
        ]
    ],
    "LOOP": [
        [
            1,
            [
                1,
                2,
                3,
                4,
                5,
                6,
                7,
                8,
                9,
                10,
                11,
                12,
                13,
                14,
                15,
                16,
                17,
                18,
                19,
                20
            ]
        ]
    ],
    "GROUP": [
        [
            1,
            1,
            [
                1
            ]
        ]
    ],
    "YIELDSANALINFO": {},
    "Temperature": {},
    "HeatFlux": {},
    "Convection": {}
}