{
    "INFORMATION": [
        [
            "ModelName",
            "D:/Pycharm/Pywork/Mastan0515/Source/gui/msasect/examples/AISC-section/Outline/AISC-Example-W310X86.Json"
        ],
        [
            "Version",
            ""
        ],
        [
            "Date",
            ""
        ],
        [
            "LastRevised",
            ""
        ],
        [
            "Description",
            ""
        ]
    ],
    "MATERIAL": [
        [
            1,
            205000.0,
            78846.15384615384,
            0.3,
            345.0,
            0.15,
            0.00785,
            "S",
            1,
            20500,
            39000,
            0,
            1,
            0,
            "#aaffff",
            2,
            0,
            0,
            0,
            0,
            0,
            0
        ]
    ],
    "POINT": [
        [
            1,
            0.0,
            254.0
        ],
        [
            2,
            0.0,
            -0.0
        ],
        [
            3,
            -16.26,
            -0.0
        ],
        [
            4,
            -16.26,
            103.12
        ],
        [
            5,
            -17.42,
            110.51
        ],
        [
            6,
            -20.72,
            116.77
        ],
        [
            7,
            -25.66,
            120.96
        ],
        [
            8,
            -31.5,
            122.43
        ],
        [
            9,
            -278.38,
            122.43
        ],
        [
            10,
            -284.22,
            120.96
        ],
        [
            11,
            -289.16,
            116.77
        ],
        [
            12,
            -292.46,
            110.51
        ],
        [
            13,
            -293.62,
            103.12
        ],
        [
            14,
            -293.62,
            -0.0
        ],
        [
            15,
            -309.88,
            -0.0
        ],
        [
            16,
            -309.88,
            254.0
        ],
        [
            17,
            -293.62,
            254.0
        ],
        [
            18,
            -293.62,
            150.88
        ],
        [
            19,
            -292.46,
            143.49
        ],
        [
            20,
            -289.16,
            137.23
        ],
        [
            21,
            -284.22,
            133.04
        ],
        [
            22,
            -278.38,
            131.57
        ],
        [
            23,
            -31.5,
            131.57
        ],
        [
            24,
            -25.66,
            133.04
        ],
        [
            25,
            -20.72,
            137.23
        ],
        [
            26,
            -17.42,
            143.49
        ],
        [
            27,
            -16.26,
            150.88
        ],
        [
            28,
            -16.26,
            254.0
        ]
    ],
    "OUTLINE": [
        [
            1,
            1,
            1,
            "S",
            1,
            2,
            0.0,
            0.0,
            0.0,
            0,
            0.0,
            0.0
        ],
        [
            2,
            1,
            1,
            "S",
            2,
            3,
            0.0,
            0.0,
            0.0,
            0,
            0.0,
            0.0
        ],
        [
            3,
            1,
            1,
            "S",
            3,
            4,
            0.0,
            0.0,
            0.0,
            0,
            0.0,
            0.0
        ],
        [
            4,
            1,
            1,
            "S",
            4,
            5,
            0.0,
            0.0,
            0.0,
            0,
            0.0,
            0.0
        ],
        [
            5,
            1,
            1,
            "S",
            5,
            6,
            0.0,
            0.0,
            0.0,
            0,
            0.0,
            0.0
        ],
        [
            6,
            1,
            1,
            "S",
            6,
            7,
            0.0,
            0.0,
            0.0,
            0,
            0.0,
            0.0
        ],
        [
            7,
            1,
            1,
            "S",
            7,
            8,
            0.0,
            0.0,
            0.0,
            0,
            0.0,
            0.0
        ],
        [
            8,
            1,
            1,
            "S",
            8,
            9,
            0.0,
            0.0,
            0.0,
            0,
            0.0,
            0.0
        ],
        [
            9,
            1,
            1,
            "S",
            9,
            10,
            0.0,
            0.0,
            0.0,
            0,
            0.0,
            0.0
        ],
        [
            10,
            1,
            1,
            "S",
            10,
            11,
            0.0,
            0.0,
            0.0,
            0,
            0.0,
            0.0
        ],
        [
            11,
            1,
            1,
            "S",
            11,
            12,
            0.0,
            0.0,
            0.0,
            0,
            0.0,
            0.0
        ],
        [
            12,
            1,
            1,
            "S",
            12,
            13,
            0.0,
            0.0,
            0.0,
            0,
            0.0,
            0.0
        ],
        [
            13,
            1,
            1,
            "S",
            13,
            14,
            0.0,
            0.0,
            0.0,
            0,
            0.0,
            0.0
        ],
        [
            14,
            1,
            1,
            "S",
            14,
            15,
            0.0,
            0.0,
            0.0,
            0,
            0.0,
            0.0
        ],
        [
            15,
            1,
            1,
            "S",
            15,
            16,
            0.0,
            0.0,
            0.0,
            0,
            0.0,
            0.0
        ],
        [
            16,
            1,
            1,
            "S",
            16,
            17,
            0.0,
            0.0,
            0.0,
            0,
            0.0,
            0.0
        ],
        [
            17,
            1,
            1,
            "S",
            17,
            18,
            0.0,
            0.0,
            0.0,
            0,
            0.0,
            0.0
        ],
        [
            18,
            1,
            1,
            "S",
            18,
            19,
            0.0,
            0.0,
            0.0,
            0,
            0.0,
            0.0
        ],
        [
            19,
            1,
            1,
            "S",
            19,
            20,
            0.0,
            0.0,
            0.0,
            0,
            0.0,
            0.0
        ],
        [
            20,
            1,
            1,
            "S",
            20,
            21,
            0.0,
            0.0,
            0.0,
            0,
            0.0,
            0.0
        ],
        [
            21,
            1,
            1,
            "S",
            21,
            22,
            0.0,
            0.0,
            0.0,
            0,
            0.0,
            0.0
        ],
        [
            22,
            1,
            1,
            "S",
            22,
            23,
            0.0,
            0.0,
            0.0,
            0,
            0.0,
            0.0
        ],
        [
            23,
            1,
            1,
            "S",
            23,
            24,
            0.0,
            0.0,
            0.0,
            0,
            0.0,
            0.0
        ],
        [
            24,
            1,
            1,
