{
    "INFORMATION": [
        [
            "ModelName",
            "D:/Pycharm/Pywork/Mastan0515/Source/gui/msasect/examples/AISC-section/Outline/AISC-Example-C76X104.Json"
        ],
        [
            "Version",
            ""
        ],
        [
            "Date",
            ""
        ],
        [
            "LastRevised",
            ""
        ],
        [
            "Description",
            ""
        ]
    ],
    "MATERIAL": [
        [
            1,
            205000.0,
            78846.15384615384,
            0.3,
            345.0,
            0.15,
            0.00785,
            "S",
            1,
            20500,
            39000,
            0,
            1,
            0,
            "#aaffff",
            2,
            0,
            0,
            0,
            0,
            0,
            0
        ]
    ],
    "POINT": [
        [
            1,
            0.0,
            -35.8
        ],
        [
            2,
            -1.07,
            -35.67
        ],
        [
            3,
            -2.08,
            -35.3
        ],
        [
            4,
            -2.98,
            -34.71
        ],
        [
            5,
            -3.72,
            -33.92
        ],
        [
            6,
            -4.25,
            -32.98
        ],
        [
            7,
            -4.549999999999999,
            -31.94
        ],
        [
            8,
            -7.799999999999999,
            -12.49
        ],
        [
            9,
            -8.95,
            -9.26
        ],
        [
            10,
            -11.14,
            -6.62
        ],
        [
            11,
            -14.1,
            -4.9
        ],
        [
            12,
            -17.48,
            -4.299999999999999
        ],
        [
            13,
            -58.73,
            -4.299999999999999
        ],
        [
            14,
            -62.1,
            -4.9
        ],
        [
            15,
            -65.06,
            -6.62
        ],
        [
            16,
            -67.25,
            -9.26
        ],
        [
            17,
            -68.4,
            -12.49
        ],
        [
            18,
            -71.64,
            -31.94
        ],
        [
            19,
            -71.95,
            -32.98
        ],
        [
            20,
            -72.48,
            -33.92
        ],
        [
            21,
            -73.22,
            -34.71
        ],
        [
            22,
            -74.11,
            -35.3
        ],
        [
            23,
            -75.13,
            -35.67
        ],
        [
            24,
            -76.2,
            -35.8
        ],
        [
            25,
            -76.2,
            -0.0
        ],
        [
            26,
            0.0,
            -0.0
        ]
    ],
    "OUTLINE": [
        [
            1,
            1,
            1,
            "S",
            1,
            2,
            0.0,
            0.0,
            0.0,
            0,
            0.0,
            0.0
        ],
        [
            2,
            1,
            1,
            "S",
            2,
            3,
            0.0,
            0.0,
            0.0,
            0,
            0.0,
            0.0
        ],
        [
            3,
            1,
            1,
            "S",
            3,
            4,
            0.0,
            0.0,
            0.0,
            0,
            0.0,
            0.0
        ],
        [
            4,
            1,
            1,
            "S",
            4,
            5,
            0.0,
            0.0,
            0.0,
            0,
            0.0,
            0.0
        ],
        [
            5,
            1,
            1,
            "S",
            5,
            6,
            0.0,
            0.0,
            0.0,
            0,
            0.0,
            0.0
        ],
        [
            6,
            1,
            1,
            "S",
            6,
            7,
            0.0,
            0.0,
            0.0,
            0,
            0.0,
            0.0
        ],
        [
            7,
            1,
            1,
            "S",
            7,
            8,
            0.0,
            0.0,
            0.0,
            0,
            0.0,
            0.0
        ],
        [
            8,
            1,
            1,
            "S",
            8,
            9,
            0.0,
            0.0,
            0.0,
            0,
            0.0,
            0.0
        ],
        [
            9,
            1,
            1,
            "S",
            9,
            10,
            0.0,
            0.0,
            0.0,
            0,
            0.0,
            0.0
        ],
        [
            10,
            1,
            1,
            "S",
            10,
            11,
            0.0,
            0.0,
            0.0,
            0,
            0.0,
            0.0
        ],
        [
            11,
            1,
            1,
            "S",
            11,
            12,
            0.0,
            0.0,
            0.0,
            0,
            0.0,
            0.0
        ],
        [
            12,
            1,
            1,
            "S",
            12,
            13,
            0.0,
            0.0,
            0.0,
            0,
            0.0,
            0.0
        ],
        [
            13,
            1,
            1,
            "S",
            13,
            14,
            0.0,
            0.0,
            0.0,
            0,
            0.0,
            0.0
        ],
        [
            14,
            1,
            1,
            "S",
            14,
            15,
            0.0,
            0.0,
            0.0,
            0,
            0.0,
            0.0
        ],
        [
            15,
            1,
            1,
            "S",
            15,
            16,
            0.0,
            0.0,
            0.0,
            0,
            0.0,
            0.0
        ],
        [
            16,
            1,
            1,
            "S",
            16,
            17,
            0.0,
            0.0,
            0.0,
            0,
            0.0,
            0.0
        ],
        [
            17,
            1,
            1,
            "S",
            17,
            18,
            0.0,
            0.0,
            0.0,
            0,
            0.0,
            0.0
        ],
        [
            18,
            1,
            1,
            "S",
            18,
            19,
            0.0,
            0.0,
            0.0,
            0,
            0.0,
            0.0
        ],
        [
            19,
            1,
            1,
            "S",
            19,
            20,
            0.0,
            0.0,
            0.0,
            0,
            0.0,
            0.0
        ],
        [
            20,
            1,
            1,
            "S",
            20,
            21,
            0.0,
            0.0,
            0.0,
            0,
            0.0,
            0.0
        ],
        [
            21,
            1,
            1,
            "S",
            21,
            22,
            0.0,
            0.0,
            0.0,
            0,
            0.0,
            0.0
        ],
        [
            22,
            1,
            1,
            "S",
            22,
            23,
            0.0,
            0.0,
            0.0,
            0,
            0.0,
            0.0
        ],
        [
            23,
            1,
            1,
            "S",
            23,
            24,
            0.0,
            0.0,
            0.0,
            0,
            0.0,
            0.0
        ],
        [
            24,
            1,
            1,
            "S",
            24,
            25,
            0.0,
            0.0,
            0.0,
            0,
            0.0,
