{
    "INFORMATION": [
        [
            "ModelFileName",
            "AISC-Example-WT310X179"
        ],
        [
            "Version",
            ""
        ],
        [
            "Date",
            ""
        ],
        [
            "LastRevised",
            ""
        ],
        [
            "Description",
            ""
        ]
    ],
    "MATERIAL": [
        [
            1,
            205000.0,
            78846.15384615384,
            0.3,
            345.0,
            0.15,
            999999,
            "S",
            205000,
            20500,
            39000,
            0,
            1,
            0,
            "#aaffff",
            2
        ]
    ],
    "POINT": [
        [
            1,
            0,
            -156.21,
            0
        ],
        [
            2,
            0,
            -78.105,
            0
        ],
        [
            3,
            0,
            -0.0,
            0
        ],
        [
            4,
            0,
            78.105,
            0
        ],
        [
            5,
            0,
            156.21,
            0
        ],
        [
            6,
            -14.097,
            0,
            0
        ],
        [
            7,
            -106.21433333333331,
            0,
            0
        ],
        [
            8,
            -198.33166666666665,
            0,
            0
        ],
        [
            9,
            -290.44899999999996,
            0,
            0
        ],
        [
            10,
            -304.54600000000005,
            -156.21,
            0
        ],
        [
            11,
            -304.54600000000005,
            -78.105,
            0
        ],
        [
            12,
            -304.54600000000005,
            0.0,
            0
        ],
        [
            13,
            -304.54600000000005,
            78.10499999999999,
            0
        ],
        [
            14,
            -304.54600000000005,
            156.21,
            0
        ]
    ],
    "SEGMENT": [
        [
            1,
            1,
            1,
            2,
            28.194
        ],
        [
            2,
            1,
            2,
            3,
            28.194
        ],
        [
            3,
            1,
            3,
            4,
            28.194
        ],
        [
            4,
            1,
            4,
            5,
            28.194
        ],
        [
            5,
            1,
            3,
            6,
            0.018033999999999998
        ],
        [
            6,
            1,
            6,
            7,
            18.034
        ],
        [
            7,
            1,
            7,
            8,
            18.034
        ],
        [
            8,
            1,
            8,
            9,
            18.034
        ],
        [
            9,
            1,
            10,
            11,
            28.194
        ],
        [
            10,
            1,
            11,
            12,
            28.194
        ],
        [
            11,
            1,
            12,
            13,
            28.194
        ],
        [
            12,
            1,
            13,
            14,
            28.194
        ],
        [
            13,
            1,
            9,
            12,
            0.018033999999999998
        ]
    ],
    "YieldSAnalInfo": [
        [
            "PosNStep",
            50
        ],
        [
            "NegNStep",
            50
        ],
        [
            "MomentStep",
            120
        ],
        [
            "MaxNumIter",
            300
        ],
        [
            "ConvTol",
            0.001
        ],
        [
            "StrainAtValue",
            0.001
        ],
        [
            "BStrainControl",
            0
        ],
        [
            "SubAnalType",
            1
        ],
        [
            "AxisSlctn",
            1
        ],
        [
            "AnalMethod",
            1
        ]
    ],
    "FIBER": []
}