{
    "INFORMATION": [
        [
            "ModelFileName",
            "AISC-Example-C76X127"
        ],
        [
            "Version",
            ""
        ],
        [
            "Date",
            ""
        ],
        [
            "LastRevised",
            ""
        ],
        [
            "Description",
            ""
        ]
    ],
    "MATERIAL": [
        [
            1,
            205000.0,
            78846.15384615384,
            0.3,
            345.0,
            0.15,
            999999,
            "S",
            205000,
            20500,
            39000,
            0,
            1,
            0,
            "#aaffff",
            2
        ]
    ],
    "POINT": [
        [
            1,
            0,
            -34.800000000000004,
            0
        ],
        [
            2,
            0,
            -0.0,
            0
        ],
        [
            3,
            -34.65,
            0,
            0
        ],
        [
            4,
            -69.3,
            0,
            0
        ],
        [
            5,
            -69.3,
            -34.800000000000004,
            0
        ]
    ],
    "SEGMENT": [
        [
            1,
            1,
            1,
            2,
            6.9
        ],
        [
            2,
            1,
            2,
            3,
            6.6
        ],
        [
            3,
            1,
            3,
            4,
            6.6
        ],
        [
            4,
            1,
            4,
            5,
            6.9
        ]
    ],
    "YieldSAnalInfo": [
        [
            "PosNStep",
            50
        ],
        [
            "NegNStep",
            50
        ],
        [
            "MomentStep",
            120
        ],
        [
            "MaxNumIter",
            300
        ],
        [
            "ConvTol",
            0.001
        ],
        [
            "StrainAtValue",
            0.001
        ],
        [
            "BStrainControl",
            0
        ],
        [
            "SubAnalType",
            1
        ],
        [
            "AxisSlctn",
            1
        ],
        [
            "AnalMethod",
            1
        ]
    ],
    "FIBER": []
}