{
    "INFORMATION": [
        [
            "ModelFileName",
            "AISC-Example-W250X115"
        ],
        [
            "Version",
            ""
        ],
        [
            "Date",
            ""
        ],
        [
            "LastRevised",
            ""
        ],
        [
            "Description",
            ""
        ]
    ],
    "MATERIAL": [
        [
            1,
            205000.0,
            78846.15384615384,
            0.3,
            345.0,
            0.15,
            999999,
            "S",
            205000,
            20500,
            39000,
            0,
            1,
            0,
            "#aaffff",
            2
        ]
    ],
    "POINT": [
        [
            1,
            0,
            -129.54,
            0
        ],
        [
            2,
            0,
            -64.77,
            0
        ],
        [
            3,
            0,
            -0.0,
            0
        ],
        [
            4,
            0,
            64.77,
            0
        ],
        [
            5,
            0,
            129.54,
            0
        ],
        [
            6,
            -11.049,
            0,
            0
        ],
        [
            7,
            -86.06366666666665,
            0,
            0
        ],
        [
            8,
            -161.07833333333332,
            0,
            0
        ],
        [
            9,
            -236.093,
            0,
            0
        ],
        [
            10,
            -247.14200000000002,
            -129.54,
            0
        ],
        [
            11,
            -247.14200000000002,
            -64.77,
            0
        ],
        [
            12,
            -247.14200000000002,
            0.0,
            0
        ],
        [
            13,
            -247.14200000000002,
            64.77000000000001,
            0
        ],
        [
            14,
            -247.14200000000002,
            129.54,
            0
        ]
    ],
    "SEGMENT": [
        [
            1,
            1,
            1,
            2,
            22.098
        ],
        [
            2,
            1,
            2,
            3,
            22.098
        ],
        [
            3,
            1,
            3,
            4,
            22.098
        ],
        [
            4,
            1,
            4,
            5,
            22.098
        ],
        [
            5,
            1,
            3,
            6,
            0.013462
        ],
        [
            6,
            1,
            6,
            7,
            13.462
        ],
        [
            7,
            1,
            7,
            8,
            13.462
        ],
        [
            8,
            1,
            8,
            9,
            13.462
        ],
        [
            9,
            1,
            10,
            11,
            22.098
        ],
        [
            10,
            1,
            11,
            12,
            22.098
        ],
        [
            11,
            1,
            12,
            13,
            22.098
        ],
        [
            12,
            1,
            13,
            14,
            22.098
        ],
        [
            13,
            1,
            9,
            12,
            0.013462
        ]
    ],
    "YieldSAnalInfo": [
        [
            "PosNStep",
            50
        ],
        [
            "NegNStep",
            50
        ],
        [
            "MomentStep",
            120
        ],
        [
            "MaxNumIter",
            300
        ],
        [
            "ConvTol",
            0.001
        ],
        [
            "StrainAtValue",
            0.001
        ],
        [
            "BStrainControl",
            0
        ],
        [
            "SubAnalType",
            1
        ],
        [
            "AxisSlctn",
            1
        ],
        [
            "AnalMethod",
            1
        ]
    ],
    "FIBER": []
}