{
    "INFORMATION": [
        [
            "ModelFileName",
            "AISC-Example-WT205X50"
        ],
        [
            "Version",
            ""
        ],
        [
            "Date",
            ""
        ],
        [
            "LastRevised",
            ""
        ],
        [
            "Description",
            ""
        ]
    ],
    "MATERIAL": [
        [
            1,
            205000.0,
            78846.15384615384,
            0.3,
            345.0,
            0.15,
            999999,
            "S",
            205000,
            20500,
            39000,
            0,
            1,
            0,
            "#aaffff",
            2
        ]
    ],
    "POINT": [
        [
            1,
            0,
            -129.54,
            0
        ],
        [
            2,
            0,
            -86.36,
            0
        ],
        [
            3,
            0,
            -43.18,
            0
        ],
        [
            4,
            0,
            -0.0,
            0
        ],
        [
            5,
            0,
            43.18,
            0
        ],
        [
            6,
            0,
            86.36,
            0
        ],
        [
            7,
            0,
            129.54,
            0
        ],
        [
            8,
            -8.4455,
            0,
            0
        ],
        [
            9,
            -56.10225,
            0,
            0
        ],
        [
            10,
            -103.759,
            0,
            0
        ],
        [
            11,
            -151.41575000000003,
            0,
            0
        ],
        [
            12,
            -199.07250000000002,
            0,
            0
        ]
    ],
    "SEGMENT": [
        [
            1,
            1,
            1,
            2,
            16.891
        ],
        [
            2,
            1,
            2,
            3,
            16.891
        ],
        [
            3,
            1,
            3,
            4,
            16.891
        ],
        [
            4,
            1,
            4,
            5,
            16.891
        ],
        [
            5,
            1,
            5,
            6,
            16.891
        ],
        [
            6,
            1,
            6,
            7,
            16.891
        ],
        [
            7,
            1,
            4,
            8,
            0.010033
        ],
        [
            8,
            1,
            8,
            9,
            10.033
        ],
        [
            9,
            1,
            9,
            10,
            10.033
        ],
        [
            10,
            1,
            10,
            11,
            10.033
        ],
        [
            11,
            1,
            11,
            12,
            10.033
        ]
    ],
    "YieldSAnalInfo": [
        [
            "PosNStep",
            50
        ],
        [
            "NegNStep",
            50
        ],
        [
            "MomentStep",
            120
        ],
        [
            "MaxNumIter",
            300
        ],
        [
            "ConvTol",
            0.001
        ],
        [
            "StrainAtValue",
            0.001
        ],
        [
            "BStrainControl",
            0
        ],
        [
            "SubAnalType",
            1
        ],
        [
            "AxisSlctn",
            1
        ],
        [
            "AnalMethod",
            1
        ]
    ],
    "FIBER": []
}