{
    "INFORMATION": [
        [
            "ModelFileName",
            "AISC-Example-WT100X50"
        ],
        [
            "Version",
            ""
        ],
        [
            "Date",
            ""
        ],
        [
            "LastRevised",
            ""
        ],
        [
            "Description",
            ""
        ]
    ],
    "MATERIAL": [
        [
            1,
            205000.0,
            78846.15384615384,
            0.3,
            345.0,
            0.15,
            999999,
            "S",
            205000,
            20500,
            39000,
            0,
            1,
            0,
            "#aaffff",
            2
        ]
    ],
    "POINT": [
        [
            1,
            0,
            -105.156,
            0
        ],
        [
            2,
            0,
            -70.104,
            0
        ],
        [
            3,
            0,
            -35.052,
            0
        ],
        [
            4,
            0,
            -0.0,
            0
        ],
        [
            5,
            0,
            35.052,
            0
        ],
        [
            6,
            0,
            70.104,
            0
        ],
        [
            7,
            0,
            105.156,
            0
        ],
        [
            8,
            -11.8745,
            0,
            0
        ],
        [
            9,
            -57.15,
            0,
            0
        ],
        [
            10,
            -102.4255,
            0,
            0
        ]
    ],
    "SEGMENT": [
        [
            1,
            1,
            1,
            2,
            23.749
        ],
        [
            2,
            1,
            2,
            3,
            23.749
        ],
        [
            3,
            1,
            3,
            4,
            23.749
        ],
        [
            4,
            1,
            4,
            5,
            23.749
        ],
        [
            5,
            1,
            5,
            6,
            23.749
        ],
        [
            6,
            1,
            6,
            7,
            23.749
        ],
        [
            7,
            1,
            4,
            8,
            0.014478
        ],
        [
            8,
            1,
            8,
            9,
            14.478
        ],
        [
            9,
            1,
            9,
            10,
            14.478
        ]
    ],
    "YieldSAnalInfo": [
        [
            "PosNStep",
            50
        ],
        [
            "NegNStep",
            50
        ],
        [
            "MomentStep",
            120
        ],
        [
            "MaxNumIter",
            300
        ],
        [
            "ConvTol",
            0.001
        ],
        [
            "StrainAtValue",
            0.001
        ],
        [
            "BStrainControl",
            0
        ],
        [
            "SubAnalType",
            1
        ],
        [
            "AxisSlctn",
            1
        ],
        [
            "AnalMethod",
            1
        ]
    ],
    "FIBER": []
}