{
    "INFORMATION": [
        [
            "ModelFileName",
            "AISC-Example-W360X1299"
        ],
        [
            "Version",
            ""
        ],
        [
            "Date",
            ""
        ],
        [
            "LastRevised",
            ""
        ],
        [
            "Description",
            ""
        ]
    ],
    "MATERIAL": [
        [
            1,
            205000.0,
            78846.15384615384,
            0.3,
            345.0,
            0.15,
            999999,
            "S",
            205000,
            20500,
            39000,
            0,
            1,
            0,
            "#aaffff",
            2
        ]
    ],
    "POINT": [
        [
            1,
            0,
            -238.76,
            0
        ],
        [
            2,
            0,
            -159.17333333333332,
            0
        ],
        [
            3,
            0,
            -79.58666666666666,
            0
        ],
        [
            4,
            0,
            -0.0,
            0
        ],
        [
            5,
            0,
            79.58666666666666,
            0
        ],
        [
            6,
            0,
            159.17333333333332,
            0
        ],
        [
            7,
            0,
            238.76,
            0
        ],
        [
            8,
            -69.977,
            0,
            0
        ],
        [
            9,
            -149.86,
            0,
            0
        ],
        [
            10,
            -229.74300000000002,
            0,
            0
        ],
        [
            11,
            -309.62600000000003,
            0,
            0
        ],
        [
            12,
            -389.509,
            0,
            0
        ],
        [
            13,
            -459.4860000000001,
            -238.76,
            0
        ],
        [
            14,
            -459.4860000000001,
            -159.17333333333335,
            0
        ],
        [
            15,
            -459.4860000000001,
            -79.58666666666667,
            0
        ],
        [
            16,
            -459.4860000000001,
            0.0,
            0
        ],
        [
            17,
            -459.4860000000001,
            79.58666666666664,
            0
        ],
        [
            18,
            -459.4860000000001,
            159.1733333333333,
            0
        ],
        [
            19,
            -459.4860000000001,
            238.76,
            0
        ]
    ],
    "SEGMENT": [
        [
            1,
            1,
            1,
            2,
            139.954
        ],
        [
            2,
            1,
            2,
            3,
            139.954
        ],
        [
            3,
            1,
            3,
            4,
            139.954
        ],
        [
            4,
            1,
            4,
            5,
            139.954
        ],
        [
            5,
            1,
            5,
            6,
            139.954
        ],
        [
            6,
            1,
            6,
            7,
            139.954
        ],
        [
            7,
            1,
            4,
            8,
            0.100076
        ],
        [
            8,
            1,
            8,
            9,
            100.076
        ],
        [
            9,
            1,
            9,
            10,
            100.076
        ],
        [
            10,
            1,
            10,
            11,
            100.076
        ],
        [
            11,
            1,
            11,
            12,
            100.076
        ],
        [
            12,
            1,
            13,
            14,
            139.954
        ],
        [
            13,
            1,
            14,
            15,
            139.954
        ],
        [
            14,
            1,
            15,
            16,
            139.954
        ],
        [
            15,
            1,
            16,
            17,
            139.954
        ],
        [
            16,
            1,
            17,
            18,
            139.954
        ],
        [
            17,
            1,
            18,
            19,
            139.954
        ],
        [
            18,
            1,
            12,
            16,
            0.100076
        ]
    ],
    "YieldSAnalInfo": [
        [
            "PosNStep",
            50
        ],
        [
            "NegNStep",
            50
        ],
        [
            "MomentStep",
            120
        ],
        [
            "MaxNumIter",
            300
        ],
        [
            "ConvTol",
            0.001
        ],
        [
            "StrainAtValue",
            0.001
        ],
        [
            "BStrainControl",
            0
        ],
        [
            "SubAnalType",
            1
        ],
        [
            "AxisSlctn",
            1
        ],
        [
            "AnalMethod",
            1
        ]
    ],
    "FIBER": []
}