{
    "INFORMATION": [
        [
            "ModelFileName",
            "Example-Z2"
        ],
        [
            "Version",
            ""
        ],
        [
            "Date",
            ""
        ],
        [
            "LastRevised",
            ""
        ],
        [
            "Description",
            ""
        ]
    ],
    "MATERIAL": [
        [
            1,
            205000.0,
            78846.15384615384,
            0.3,
            345.0,
            0.15,
            999999,
            "S",
            205000,
            20500,
            39000,
            0,
            1,
            0,
            "#aaffff",
            2
        ]
    ],
    "POINT": [
        [
            1,
            0,
            141.25,
            0
        ],
        [
            2,
            0,
            94.16666666666667,
            0
        ],
        [
            3,
            0,
            47.083333333333336,
            0
        ],
        [
            4,
            0,
            0.0,
            0
        ],
        [
            5,
            -44.6875,
            0,
            0
        ],
        [
            6,
            -89.375,
            0,
            0
        ],
        [
            7,
            -134.0625,
            0,
            0
        ],
        [
            8,
            -178.75,
            0,
            0
        ],
        [
            9,
            -223.4375,
            0,
            0
        ],
        [
            10,
            -268.125,
            0,
            0
        ],
        [
            11,
            -312.8125,
            0,
            0
        ],
        [
            12,
            -357.5,
            0,
            0
        ],
        [
            13,
            -357.5,
            -47.083333333333336,
            0
        ],
        [
            14,
            -357.5,
            -94.16666666666667,
            0
        ],
        [
            15,
            -357.5,
            -141.25,
            0
        ]
    ],
    "SEGMENT": [
        [
            1,
            1,
            1,
            2,
            17.5
        ],
        [
            2,
            1,
            2,
            3,
            17.5
        ],
        [
            3,
            1,
            3,
            4,
            17.5
        ],
        [
            4,
            1,
            4,
            5,
            17.5
        ],
        [
            5,
            1,
            5,
            6,
            17.5
        ],
        [
            6,
            1,
            6,
            7,
            17.5
        ],
        [
            7,
            1,
            7,
            8,
            17.5
        ],
        [
            8,
            1,
            8,
            9,
            17.5
        ],
        [
            9,
            1,
            9,
            10,
            17.5
        ],
        [
            10,
            1,
            10,
            11,
            17.5
        ],
        [
            11,
            1,
            11,
            12,
            17.5
        ],
        [
            12,
            1,
            12,
            13,
            17.5
        ],
        [
            13,
            1,
            13,
            14,
            17.5
        ],
        [
            14,
            1,
            14,
            15,
            17.5
        ]
    ],
    "YieldSAnalInfo": [
        [
            "PosNStep",
            50
        ],
        [
            "NegNStep",
            50
        ],
        [
            "MomentStep",
            120
        ],
        [
            "MaxNumIter",
            300
        ],
        [
            "ConvTol",
            0.001
        ],
        [
            "StrainAtValue",
            0.001
        ],
        [
            "BStrainControl",
            0
        ],
        [
            "SubAnalType",
            1
        ],
        [
            "AxisSlctn",
            1
        ],
        [
            "AnalMethod",
            1
        ]
    ],
    "FIBER": []
}