{
    "INFORMATION": [
        [
            "ModelName",
            "D:/Pycharm/Pywork/Mastan0515/Source/gui/msasect/examples/Aluminum-Section/Outline/Aluminum-Section-09_Outline.Json"
        ],
        [
            "Version",
            ""
        ],
        [
            "Date",
            ""
        ],
        [
            "LastRevised",
            ""
        ],
        [
            "Description",
            ""
        ]
    ],
    "MATERIAL": [
        [
            1,
            205000.0,
            78846.15384615384,
            0.3,
            345.0,
            0.15,
            0.00785,
            "S",
            1,
            20500,
            39000,
            0,
            1,
            0,
            "#aaffff",
            2,
            0,
            0,
            0,
            0,
            0,
            0
        ]
    ],
    "POINT": [
        [
            1,
            18.25,
            -41.74999999999999
        ],
        [
            2,
            12.975,
            -41.74999999999999
        ],
        [
            3,
            12.975,
            -40.0
        ],
        [
            4,
            11.625,
            -40.0
        ],
        [
            5,
            11.625,
            -43.25
        ],
        [
            6,
            19.75,
            -43.25
        ],
        [
            7,
            19.75,
            -31.0
        ],
        [
            8,
            19.75,
            -21.25
        ],
        [
            9,
            14.75,
            -21.25
        ],
        [
            10,
            14.75,
            -6.75
        ],
        [
            11,
            18.85929915187557,
            -6.75
        ],
        [
            12,
            27.72816530413379,
            -10.19900350365597
        ],
        [
            13,
            28.27183469586621,
            -8.800996496344029
        ],
        [
            14,
            19.14070084812442,
            -5.249999999999999
        ],
        [
            15,
            0.75,
            -5.25
        ],
        [
            16,
            0.75,
            -0.0
        ],
        [
            17,
            0.75,
            5.25
        ],
        [
            18,
            19.14070084812443,
            5.25
        ],
        [
            19,
            28.27183469586621,
            8.800996496344029
        ],
        [
            20,
            27.72816530413379,
            10.19900350365597
        ],
        [
            21,
            18.85929915187557,
            6.75
        ],
        [
            22,
            14.75,
            6.75
        ],
        [
            23,
            14.75,
            21.25
        ],
        [
            24,
            19.75,
            21.25
        ],
        [
            25,
            19.75,
            31.0
        ],
        [
            26,
            19.75,
            43.25
        ],
        [
            27,
            11.625,
            43.25
        ],
        [
            28,
            11.625,
            40.0
        ],
        [
            29,
            12.975,
            40.0
        ],
        [
            30,
            12.975,
            41.74999999999999
        ],
        [
            31,
            18.25,
            41.74999999999999
        ],
        [
            32,
            18.25,
            31.75000000000001
        ],
        [
            33,
            12.975,
            31.74999999999999
        ],
        [
            34,
            12.975,
            33.5
        ],
        [
            35,
            11.625,
            33.5
        ],
        [
            36,
            11.625,
            30.25
        ],
        [
            37,
            18.25,
            30.25
        ],
        [
            38,
            18.25,
            22.75
        ],
        [
            39,
            -26.2,
            22.75
        ],
        [
            40,
            -26.2,
            21.25
        ],
        [
            41,
            13.25,
            21.25
        ],
        [
            42,
            13.25,
            6.75
        ],
        [
            43,
            -0.75,
            6.75
        ],
        [
            44,
            -0.75,
            -0.0
        ],
        [
            45,
            -0.75,
            -6.75
        ],
        [
            46,
            13.25,
            -6.75
        ],
        [
            47,
            13.25,
            -21.25
        ],
        [
            48,
            -26.2,
            -21.25
        ],
        [
            49,
            -26.2,
            -22.75
        ],
        [
            50,
            18.25,
            -22.75
        ],
        [
            51,
            18.25,
            -30.25
        ],
        [
            52,
            11.625,
            -30.25
        ],
        [
            53,
            11.625,
            -33.5
        ],
        [
            54,
            12.975,
            -33.5
        ],
        [
            55,
            12.975,
            -31.74999999999999
        ],
        [
            56,
            18.25,
            -31.75
        ]
    ],