{
    "INFORMATION": [
        [
            "ModelName",
            "D:/Pycharm/Pywork/Mastan0515/Source/gui/msasect/examples/Aluminum-Section/Outline/Aluminum-Section-11_Outline.Json"
        ],
        [
            "Version",
            ""
        ],
        [
            "Date",
            ""
        ],
        [
            "LastRevised",
            ""
        ],
        [
            "Description",
            ""
        ]
    ],
    "MATERIAL": [
        [
            1,
            205000.0,
            78846.15384615384,
            0.3,
            345.0,
            0.15,
            0.00785,
            "S",
            1,
            20500,
            39000,
            0,
            1,
            0,
            "#aaffff",
            2,
            0,
            0,
            0,
            0,
            0,
            0
        ]
    ],
    "POINT": [
        [
            1,
            27.0,
            18.37
        ],
        [
            2,
            27.0,
            19.63
        ],
        [
            3,
            0.63,
            19.63
        ],
        [
            4,
            0.63,
            38.0
        ],
        [
            5,
            -0.63,
            38.0
        ],
        [
            6,
            -0.63,
            19.0
        ],
        [
            7,
            -0.6200000000000001,
            19.0
        ],
        [
            8,
            -0.6200000000000001,
            -0.0
        ],
        [
            9,
            0.6200000000000001,
            -0.0
        ],
        [
            10,
            0.6200000000000001,
            18.36999999999999
        ]
    ],
    "OUTLINE": [
        [
            1,
            1,
            1,
            "S",
            1,
            2,
            0.0,
            0.0,
            0.0,
            0,
            0.0,
            0.0
        ],
        [
            2,
            1,
            1,
            "S",
            2,
            3,
            0.0,
            0.0,
            0.0,
            0,
            0.0,
            0.0
        ],
        [
            3,
            1,
            1,
            "S",
            3,
            4,
            0.0,
            0.0,
            0.0,
            0,
            0.0,
            0.0
        ],
        [
            4,
            1,
            1,
            "S",
            4,
            5,
            0.0,
            0.0,
            0.0,
            0,
            0.0,
            0.0
        ],
        [
            5,
            1,
            1,
            "S",
            5,
            6,
            0.0,
            0.0,
            0.0,
            0,
            0.0,
            0.0
        ],
        [
            6,
            1,
            1,
            "S",
            6,
            7,
            0.0,
            0.0,
            0.0,
            0,
            0.0,
            0.0
        ],
        [
            7,
            1,
            1,
            "S",
            7,
            8,
            0.0,
            0.0,
            0.0,
            0,
            0.0,
            0.0
        ],
        [
            8,
            1,
            1,
            "S",
            8,
            9,
            0.0,
            0.0,
            0.0,
            0,
            0.0,
            0.0
        ],
        [
            9,
            1,
            1,
            "S",
            9,
            10,
            0.0,
            0.0,
            0.0,
            0,
            0.0,
            0.0
        ],
        [
            10,
            1,
            1,
            "S",
            10,
            1,
            0.0,
            0.0,
            0.0,
            0,
            0.0,
            0.0
        ]
    ],
    "LOOP": [
        [
            1,
            [
                1,
                2,
                3,
                4,
                5,
                6,
                7,
                8,
                9,
                10
            ]
        ]
    ],
    "GROUP": [
        [
            1,
            1,
            [
                1
            ]
        ]
    ],
    "YIELDSANALINFO": {},
    "Temperature": {},
    "HeatFlux": {},
    "Convection": {}
}