{
    "INFORMATION": [
        [
            "ModelName",
            "D:/Pycharm/Pywork/Mastan0515/Source/gui/msasect/examples/Aluminum-Section/Outline/Aluminum-Section-01_Outline.Json"
        ],
        [
            "Version",
            ""
        ],
        [
            "Date",
            ""
        ],
        [
            "LastRevised",
            ""
        ],
        [
            "Description",
            ""
        ]
    ],
    "MATERIAL": [
        [
            1,
            205000.0,
            78846.15384615384,
            0.3,
            345.0,
            0.15,
            0.00785,
            "S",
            1,
            20500,
            39000,
            0,
            1,
            0,
            "#aaffff",
            2,
            0,
            0,
            0,
            0,
            0,
            0
        ]
    ],
    "POINT": [
        [
            1,
            25.24070667614744,
            61.09878862630832
        ],
        [
            2,
            43.37639933626033,
            69.92674484181302
        ],
        [
            3,
            42.62360066373967,
            71.47325515818699
        ],
        [
            4,
            22.95929332385256,
            61.90121137369168
        ],
        [
            5,
            34.06844273939957,
            39.08241797959512
        ],
        [
            6,
            -0.8449999999999999,
            21.52651069302204
        ],
        [
            7,
            -0.8449999999999999,
            -1.397851850655175
        ],
        [
            8,
            42.58982613961879,
            20.21663509086129
        ],
        [
            9,
            41.81017386038121,
            21.78336490913872
        ],
        [
            10,
            0.8449999999999999,
            1.397851850655178
        ],
        [
            11,
            0.8449999999999998,
            20.47348930697796
        ],
        [
            12,
            36.33155726060044,
            38.31758202040489
        ]
    ],
    "OUTLINE": [
        [
            1,
            1,
            1,
            "S",
            1,
            2,
            0.0,
            0.0,
            0.0,
            0,
            0.0,
            0.0
        ],
        [
            2,
            1,
            1,
            "S",
            2,
            3,
            0.0,
            0.0,
            0.0,
            0,
            0.0,
            0.0
        ],
        [
            3,
            1,
            1,
            "S",
            3,
            4,
            0.0,
            0.0,
            0.0,
            0,
            0.0,
            0.0
        ],
        [
            4,
            1,
            1,
            "S",
            4,
            5,
            0.0,
            0.0,
            0.0,
            0,
            0.0,
            0.0
        ],
        [
            5,
            1,
            1,
            "S",
            5,
            6,
            0.0,
            0.0,
            0.0,
            0,
            0.0,
            0.0
        ],
        [
            6,
            1,
            1,
            "S",
            6,
            7,
            0.0,
            0.0,
            0.0,
            0,
            0.0,
            0.0
        ],
        [
            7,
            1,
            1,
            "S",
            7,
            8,
            0.0,
            0.0,
            0.0,
            0,
            0.0,
            0.0
        ],
        [
            8,
            1,
            1,
            "S",
            8,
            9,
            0.0,
            0.0,
            0.0,
            0,
            0.0,
            0.0
        ],
        [
            9,
            1,
            1,
            "S",
            9,
            10,
            0.0,
            0.0,
            0.0,
            0,
            0.0,
            0.0
        ],
        [
            10,
            1,
            1,
            "S",
            10,
            11,
            0.0,
            0.0,
            0.0,
            0,
            0.0,
            0.0
        ],
        [
            11,
            1,
            1,
            "S",
            11,
            12,
            0.0,
            0.0,
            0.0,
            0,
            0.0,
            0.0
        ],
        [
            12,
            1,
            1,
            "S",
            12,
            1,
            0.0,
            0.0,
            0.0,
            0,
            0.0,
            0.0
        ]
    ],
    "LOOP": [
        [
            1,
            [
                1,
                2,
                3,
                4,
                5,
                6,
                7,
                8,
                9,
                10,
                11,
                12
            ]
        ]
    ],
    "GROUP": [
        [
            1,
            1,
            [
                1
            ]
        ]
    ],
    "YIELDSANALINFO": {},
    "Temperature": {},
    "HeatFlux": {},
    "Convection": {}
}