{
    "INFORMATION": [
        [
            "ModelName",
            "D:/Pycharm/Pywork/Mastan0515/Source/gui/msasect/examples/Aluminum-Section/Outline/Aluminum-Section-07_Outline.Json"
        ],
        [
            "Version",
            ""
        ],
        [
            "Date",
            ""
        ],
        [
            "LastRevised",
            ""
        ],
        [
            "Description",
            ""
        ]
    ],
    "MATERIAL": [
        [
            1,
            205000.0,
            78846.15384615384,
            0.3,
            345.0,
            0.15,
            0.00785,
            "S",
            1,
            20500,
            39000,
            0,
            1,
            0,
            "#aaffff",
            2,
            0,
            0,
            0,
            0,
            0,
            0
        ]
    ],
    "POINT": [
        [
            1,
            1.129999999999998,
            18.955
        ],
        [
            2,
            0.4498018291771713,
            18.955
        ],
        [
            3,
            -4.267921398897786,
            26.00339127700442
        ],
        [
            4,
            -5.772078601102214,
            24.99660872299559
        ],
        [
            5,
            -1.13,
            18.06123232692654
        ],
        [
            6,
            -1.13,
            1.08
        ],
        [
            7,
            -5.02,
            1.08
        ],
        [
            8,
            -5.02,
            -1.08
        ],
        [
            9,
            -9e-16,
            -1.08
        ],
        [
            10,
            -9e-16,
            -1.0
        ],
        [
            11,
            1.129999999999999,
            -1.0
        ],
        [
            12,
            1.129999999999999,
            18.955
        ],
        [
            13,
            17.89158743071862,
            18.955
        ],
        [
            14,
            28.35180722267894,
            0.8507734369917368
        ],
        [
            15,
            89.76,
            -0.5095346308603116
        ],
        [
            16,
            89.76,
            9.8
        ],
        [
            17,
            92.04,
            9.8
        ],
        [
            18,
            92.04,
            -0.2899999999999998
        ],
        [
            19,
            105.4,
            -0.2899999999999998
        ],
        [
            20,
            105.4,
            -2.509999999999999
        ],
        [
            21,
            90.9,
            -2.509999999999999
        ],
        [
            22,
            90.9,
            -2.265212204582725
        ],
        [
            23,
            27.70298434115873,
            -0.8652783134058623
        ],
        [
            24,
            27.7,
            -1.0
        ],
        [
            25,
            1.129999999999999,
            -1.0
        ],
        [
            26,
            1.129999999999999,
            1.0
        ],
        [
            27,
            25.97885701372583,
            1.0
        ],
        [
            28,
            16.70841256928138,
            17.045
        ],
        [
            29,
            1.129999999999999,
            17.045
        ]
    ],
    "OUTLINE": [
        [
            1,
            1,
            1,
            "S",
            1,
            2,
            0.0,
            0.0,
            0.0,
            0,
            0.0,
            0.0
        ],
        [
            2,
            1,
            1,
            "S",
            2,
            3,
            0.0,
            0.0,
            0.0,
            0,
            0.0,
            0.0
        ],
        [
            3,
            1,
            1,
            "S",
            3,
            4,
            0.0,
            0.0,
            0.0,
            0,
            0.0,
            0.0
        ],
        [
            4,
            1,
            1,
            "S",
            4,
            5,
            0.0,
            0.0,
            0.0,
            0,
            0.0,
            0.0
        ],
        [
            5,
            1,
            1,
            "S",
            5,
            6,
            0.0,
            0.0,
            0.0,
            0,
            0.0,
            0.0
        ],
        [
            6,
            1,
            1,
            "S",
            6,
            7,
            0.0,
            0.0,
            0.0,
            0,
            0.0,
            0.0
        ],
        [
            7,
            1,
            1,
            "S",
            7,
            8,
            0.0,
            0.0,
            0.0,
            0,
            0.0,
            0.0
        ],
        [
            8,
            1,
            1,
            "S",
            8,
            9,
            0.0,
            0.0,
            0.0,
            0,
            0.0,
            0.0
        ],
        [
            9,
            1,
            1,
            "S",
            9,
            10,
            0.0,
            0.0,
            0.0,
            0,
            0.0,
            0.0
        ],
        [
            10,
            1,
            1,
            "S",
            10,
            11,
            0.0,
            0.0,
            0.0,
            0,
            0.0,
            0.0
        ],
        [
            11,
            1,
            1,
            "S",
            11,
            1,
            0.0,
            0.0,
            0.0,
            0,
            0.0,
            0.0
        ],
        [
            12,
            1,
            2,
            "S",
            12,
            13,
            0.0,
            0.0,
            0.0,
            0,
            0.0,
            0.0
        ],
        [
            13,
            1,
            2,
            "S",
            13,
            14,
            0.0,
            0.0,
            0.0,
            0,
            0.0,
            0.0
        ],
        [
            14,
            1,
            2,
            "S",
            14,
            15,
            0.0,
            0.0,
            0.0,
            0,
            0.0,
            0.0
        ],
        [
            15,
            1,
            2,
            "S",
            15,
            16,
            0.0,
            0.0,
            0.0,
            0,
            0.0,
            0.0
        ],
        [
            16,
            1,
            2,
            "S",
            16,
            17,
            0.0,
            0.0,
            0.0,
            0,
            0.0,
            0.0
        ],
        [
            17,
            1,
            2,
            "S",
            17,
            18,
            0.0,
            0.0,
            0.0,
            0,
            0.0,
            0.0
        ],
        [
            18,
            1,
            2,
            "S",
            18,
            19,
            0.0,
            0.0,
            0.0,
            0,
            0.0,
            0.0
        ],
        [
            19,
            1,
            2,
            "S",
            19,
            20,
            0.0,
            0.0,
            0.0,
            0,
            0.0,
            0.0
        ],
        [
            20,
            1,
            2,
            "S",
            20,
            21,
            0.0,
            0.0,
            0.0,
            0,
            0.0,
            0.0
        ],
        [
            21,
            1,
            2,
            "S",
            21,
            22,
            0.0,
            0.0,
            0.0,
            0,
            0.0,
            0.0
        ],
        [
            22,
            1,
            2,
            "S",
            22,
            23,
            0.0,
            0.0,
            0.0,
