{
    "INFORMATION": [
        [
            "ModelName",
            "D:/Pycharm/Pywork/Mastan0515/Source/gui/msasect/examples/Aluminum-Section/Outline/Aluminum-Section-12_Outline.Json"
        ],
        [
            "Version",
            ""
        ],
        [
            "Date",
            ""
        ],
        [
            "LastRevised",
            ""
        ],
        [
            "Description",
            ""
        ]
    ],
    "MATERIAL": [
        [
            1,
            205000.0,
            78846.15384615384,
            0.3,
            345.0,
            0.15,
            0.00785,
            "S",
            1,
            20500,
            39000,
            0,
            1,
            0,
            "#aaffff",
            2,
            0,
            0,
            0,
            0,
            0,
            0
        ]
    ],
    "POINT": [
        [
            1,
            73.13,
            20.11313951459484
        ],
        [
            2,
            73.13,
            70.20409153874942
        ],
        [
            3,
            47.62722607376371,
            87.75
        ],
        [
            4,
            -1.5,
            87.75
        ],
        [
            5,
            -1.5,
            86.25
        ],
        [
            6,
            47.37277392623627,
            86.25
        ],
        [
            7,
            71.87,
            69.39590846125054
        ],
        [
            8,
            71.87,
            20.68686048540516
        ],
        [
            9,
            47.51219632514918,
            3.246673054211963
        ],
        [
            10,
            -0.0391563306764589,
            0.7439702828527198
        ],
        [
            11,
            0.0391563306764589,
            -0.7439702828527198
        ],
        [
            12,
            47.48780367485083,
            1.753326945788036
        ]
    ],
    "OUTLINE": [
        [
            1,
            1,
            1,
            "S",
            1,
            2,
            0.0,
            0.0,
            0.0,
            0,
            0.0,
            0.0
        ],
        [
            2,
            1,
            1,
            "S",
            2,
            3,
            0.0,
            0.0,
            0.0,
            0,
            0.0,
            0.0
        ],
        [
            3,
            1,
            1,
            "S",
            3,
            4,
            0.0,
            0.0,
            0.0,
            0,
            0.0,
            0.0
        ],
        [
            4,
            1,
            1,
            "S",
            4,
            5,
            0.0,
            0.0,
            0.0,
            0,
            0.0,
            0.0
        ],
        [
            5,
            1,
            1,
            "S",
            5,
            6,
            0.0,
            0.0,
            0.0,
            0,
            0.0,
            0.0
        ],
        [
            6,
            1,
            1,
            "S",
            6,
            7,
            0.0,
            0.0,
            0.0,
            0,
            0.0,
            0.0
        ],
        [
            7,
            1,
            1,
            "S",
            7,
            8,
            0.0,
            0.0,
            0.0,
            0,
            0.0,
            0.0
        ],
        [
            8,
            1,
            1,
            "S",
            8,
            9,
            0.0,
            0.0,
            0.0,
            0,
            0.0,
            0.0
        ],
        [
            9,
            1,
            1,
            "S",
            9,
            10,
            0.0,
            0.0,
            0.0,
            0,
            0.0,
            0.0
        ],
        [
            10,
            1,
            1,
            "S",
            10,
            11,
            0.0,
            0.0,
            0.0,
            0,
            0.0,
            0.0
        ],
        [
            11,
            1,
            1,
            "S",
            11,
            12,
            0.0,
            0.0,
            0.0,
            0,
            0.0,
            0.0
        ],
        [
            12,
            1,
            1,
            "S",
            12,
            1,
            0.0,
            0.0,
            0.0,
            0,
            0.0,
            0.0
        ]
    ],
    "LOOP": [
        [
            1,
            [
                1,
                2,
                3,
                4,
                5,
                6,
                7,
                8,
                9,
                10,
                11,
                12
            ]
        ]
    ],
    "GROUP": [
        [
            1,
            1,
            [
                1
            ]
        ]
    ],
    "YIELDSANALINFO": {},
    "Temperature": {},
    "HeatFlux": {},
    "Convection": {}
}