{
    "INFORMATION": [
        [
            "ModelName",
            "D:/Pycharm/Pywork/Mastan0515/Source/gui/msasect/examples/Aluminum-Section/Outline/Aluminum-Section-10_Outline.Json"
        ],
        [
            "Version",
            ""
        ],
        [
            "Date",
            ""
        ],
        [
            "LastRevised",
            ""
        ],
        [
            "Description",
            ""
        ]
    ],
    "MATERIAL": [
        [
            1,
            205000.0,
            78846.15384615384,
            0.3,
            345.0,
            0.15,
            0.00785,
            "S",
            1,
            20500,
            39000,
            0,
            1,
            0,
            "#aaffff",
            2,
            0,
            0,
            0,
            0,
            0,
            0
        ]
    ],
    "POINT": [
        [
            1,
            0.7699999999999996,
            94.505
        ],
        [
            2,
            0.7699999999999996,
            93.13499999999999
        ],
        [
            3,
            22.29,
            93.13499999999998
        ],
        [
            4,
            22.29,
            14.55
        ],
        [
            5,
            0.7699999999999996,
            14.55
        ],
        [
            6,
            0.7699999999999996,
            13.09
        ],
        [
            7,
            22.27,
            13.09
        ],
        [
            8,
            22.27,
            -0.0
        ],
        [
            9,
            23.73,
            -0.0
        ],
        [
            10,
            23.73,
            13.82
        ],
        [
            11,
            23.71,
            13.82
        ],
        [
            12,
            23.71,
            93.82
        ],
        [
            13,
            23.72,
            93.82
        ],
        [
            14,
            23.72,
            107.69
        ],
        [
            15,
            22.28,
            107.69
        ],
        [
            16,
            22.28,
            94.505
        ],
        [
            17,
            0.735,
            94.505
        ],
        [
            18,
            0.735,
            107.69
        ],
        [
            19,
            -0.735,
            107.69
        ],
        [
            20,
            -0.735,
            93.82
        ],
        [
            21,
            -0.7700000000000001,
            93.82
        ],
        [
            22,
            -0.7700000000000001,
            13.82
        ],
        [
            23,
            -0.755,
            13.82
        ],
        [
            24,
            -0.755,
            -0.0
        ],
        [
            25,
            0.755,
            -0.0
        ],
        [
            26,
            0.755,
            13.09
        ],
        [
            27,
            0.7700000000000001,
            13.09
        ],
        [
            28,
            0.7700000000000001,
            94.50499999999998
        ]
    ],
    "OUTLINE": [
        [
            1,
            1,
            1,
            "S",
            1,
            2,
            0.0,
            0.0,
            0.0,
            0,
            0.0,
            0.0
        ],
        [
            2,
            1,
            1,
            "S",
            2,
            3,
            0.0,
            0.0,
            0.0,
            0,
            0.0,
            0.0
        ],
        [
            3,
            1,
            1,
            "S",
            3,
            4,
            0.0,
            0.0,
            0.0,
            0,
            0.0,
            0.0
        ],
        [
            4,
            1,
            1,
            "S",
            4,
            5,
            0.0,
            0.0,
            0.0,
            0,
            0.0,
            0.0
        ],
        [
            5,
            1,
            1,
            "S",
            5,
            6,
            0.0,
            0.0,
            0.0,
            0,
            0.0,
            0.0
        ],
        [
            6,
            1,
            1,
            "S",
            6,
            7,
            0.0,
            0.0,
            0.0,
            0,
            0.0,
            0.0
        ],
        [
            7,
            1,
            1,
            "S",
            7,
            8,
            0.0,
            0.0,
            0.0,
            0,
            0.0,
            0.0
        ],
        [
            8,
            1,
            1,
            "S",
            8,
            9,
            0.0,
            0.0,
            0.0,
            0,
            0.0,
            0.0
        ],
        [
            9,
            1,
            1,
            "S",
            9,
            10,
            0.0,
            0.0,
            0.0,
            0,
            0.0,
            0.0
        ],
        [
            10,
            1,
            1,
            "S",
            10,
            11,
            0.0,
            0.0,
            0.0,
            0,
            0.0,
            0.0
        ],
        [
            11,
            1,
            1,
            "S",
            11,
            12,
            0.0,
            0.0,
            0.0,
            0,
            0.0,
            0.0
        ],
        [
            12,
            1,
            1,
            "S",
            12,
            13,
            0.0,
            0.0,
            0.0,
            0,
            0.0,
            0.0
        ],
        [
            13,
            1,
            1,
            "S",
            13,
            14,
            0.0,
            0.0,
            0.0,
            0,
            0.0,
            0.0
        ],
        [
            14,
            1,
            1,
            "S",
            14,
            15,
            0.0,
            0.0,
            0.0,
            0,
            0.0,
            0.0
        ],
        [
            15,
            1,
            1,
            "S",
            15,
            16,
            0.0,
            0.0,
            0.0,
            0,
            0.0,
            0.0
        ],
        [
            16,
            1,
            1,
            "S",
            16,
            1,
            0.0,
            0.0,
            0.0,
            0,
            0.0,
            0.0
        ],
        [
            17,
            1,
            2,
            "S",
            17,
            18,
            0.0,
            0.0,
            0.0,
            0,
            0.0,
            0.0
        ],
        [
            18,
            1,
            2,
            "S",
            18,
            19,
            0.0,
            0.0,
            0.0,
            0,
            0.0,
            0.0
        ],
        [
            19,
            1,
            2,
            "S",
            19,
            20,
            0.0,
            0.0,
            0.0,
            0,
            0.0,
            0.0
        ],
        [
            20,
            1,
            2,
            "S",
            20,
            21,
            0.0,
            0.0,
            0.0,
            0,
            0.0,
            0.0
        ],
        [
            21,
            1,
            2,
            "S",
            21,
            22,
            0.0,
            0.0,
            0.0,
            0,
            0.0,
            0.0
        ],
        [
            22,
            1,
            2,
            "S",
            22,
            23,
            0.0,
            0.0,
            0.0,
            0,
            0.0,
            0.0
        ],
        [
            23,
            1,
            2,
            "S",
            23,
            24,
            0.0,
            0.0,
            0.0,
            0,
