{
    "INFORMATION": [
        [
            "ModelName",
            "D:/Pycharm/Pywork/Mastan0515/Source/gui/msasect/examples/Aluminum-Section/Outline/Aluminum-Section-05_Outline.Json"
        ],
        [
            "Version",
            ""
        ],
        [
            "Date",
            ""
        ],
        [
            "LastRevised",
            ""
        ],
        [
            "Description",
            ""
        ]
    ],
    "MATERIAL": [
        [
            1,
            205000.0,
            78846.15384615384,
            0.3,
            345.0,
            0.15,
            0.00785,
            "S",
            1,
            20500,
            39000,
            0,
            1,
            0,
            "#aaffff",
            2,
            0,
            0,
            0,
            0,
            0,
            0
        ]
    ],
    "POINT": [
        [
            1,
            26.73503929140117,
            6.607542519848353
        ],
        [
            2,
            -0.4756994808478165,
            -0.8988681759444715
        ],
        [
            3,
            -1.822718843583125,
            3.68099765735558
        ],
        [
            4,
            -6.431592047551522,
            5.069212477827989
        ],
        [
            5,
            3.299999999999999,
            23.70417597313942
        ],
        [
            6,
            3.299999999999999,
            58.73164805372117
        ],
        [
            7,
            -6.431592047551523,
            77.36661154903258
        ],
        [
            8,
            -1.822718843583125,
            78.75482636950501
        ],
        [
            9,
            -0.4756994808478165,
            83.33469220280504
        ],
        [
            10,
            26.73503929140118,
            75.82828150701224
        ],
        [
            11,
            30.99429079938311,
            61.15182450360464
        ],
        [
            12,
            29.5057092006169,
            60.71982355011654
        ],
        [
            13,
            25.46496070859883,
            74.64336654670893
        ],
        [
            14,
            0.4756994808478163,
            81.53695585091612
        ],
        [
            15,
            -0.677281156416874,
            77.61682168421616
        ],
        [
            16,
            -4.368407952448477,
            76.50503650468858
        ],
        [
            17,
            4.7,
            59.14
        ],
        [
            18,
            4.7,
            23.29582402686058
        ],
        [
            19,
            -4.368407952448477,
            5.930787522172009
        ],
        [
            20,
            -0.677281156416874,
            4.819002342644418
        ],
        [
            21,
            0.4756994808478164,
            0.8988681759444721
        ],
        [
            22,
            25.46496070859883,
            7.792457480151647
        ],
        [
            23,
            29.5057092006169,
            21.71600047674405
        ],
        [
            24,
            30.99429079938311,
            21.28399952325595
        ]
    ],
    "OUTLINE": [
        [
            1,
            1,
            1,
            "S",
            1,
            2,
            0.0,
            0.0,
            0.0,
            0,
            0.0,
            0.0
        ],
        [
            2,
            1,
            1,
            "S",
            2,
            3,
            0.0,
            0.0,
            0.0,
            0,
            0.0,
            0.0
        ],
        [
            3,
            1,
            1,
            "S",
            3,
            4,
            0.0,
            0.0,
            0.0,
            0,
            0.0,
            0.0
        ],
        [
            4,
            1,
            1,
            "S",
            4,
            5,
            0.0,
            0.0,
            0.0,
            0,
            0.0,
            0.0
        ],
        [
            5,
            1,
            1,
            "S",
            5,
            6,
            0.0,
            0.0,
            0.0,
            0,
            0.0,
            0.0
        ],
        [
            6,
            1,
            1,
            "S",
            6,
            7,
            0.0,
            0.0,
            0.0,
            0,
            0.0,
            0.0
        ],
        [
            7,
            1,
            1,
            "S",
            7,
            8,
            0.0,
            0.0,
            0.0,
            0,
            0.0,
            0.0
        ],
        [
            8,
            1,
            1,
            "S",
            8,
            9,
            0.0,
            0.0,
            0.0,
            0,
            0.0,
            0.0
        ],
        [
            9,
            1,
            1,
            "S",
            9,
            10,
            0.0,
            0.0,
            0.0,
            0,
            0.0,
            0.0
        ],
        [
            10,
            1,
            1,
            "S",
            10,
            11,
            0.0,
            0.0,
            0.0,
            0,
            0.0,
            0.0
        ],
        [
            11,
            1,
            1,
            "S",
            11,
            12,
            0.0,
            0.0,
            0.0,
            0,
            0.0,
            0.0
        ],
        [
            12,
            1,
            1,
            "S",
            12,
            13,
            0.0,
            0.0,
            0.0,
            0,
            0.0,
            0.0
        ],
        [
            13,
            1,
            1,
            "S",
            13,
            14,
            0.0,
            0.0,
            0.0,
            0,
            0.0,
            0.0
        ],
        [
            14,
            1,
            1,
            "S",
            14,
            15,
            0.0,
            0.0,
            0.0,
            0,
            0.0,
            0.0
        ],
        [
            15,
            1,
            1,
            "S",
            15,
            16,
            0.0,
            0.0,
            0.0,
            0,
            0.0,
            0.0
        ],
        [
            16,
            1,
            1,
            "S",
            16,
            17,
            0.0,
            0.0,
            0.0,
            0,
            0.0,
            0.0
        ],
        [
            17,
            1,
            1,
            "S",
            17,
            18,
            0.0,
            0.0,
            0.0,
            0,
            0.0,
            0.0
        ],
        [
            18,
            1,
            1,
            "S",
            18,
            19,
            0.0,
            0.0,
            0.0,
            0,
            0.0,
            0.0
        ],
        [
            19,
            1,
            1,
            "S",
            19,
            20,
            0.0,
            0.0,
            0.0,
            0,
            0.0,
            0.0
        ],
        [
            20,
            1,
            1,
            "S",
            20,
            21,
            0.0,
            0.0,
            0.0,
            0,
            0.0,
            0.0
        ],
        [
            21,
            1,
            1,
            "S",
            21,
            22,
            0.0,
            0.0,
            0.0,
            0,
            0.0,
            0.0
        ],
        [
            22,
            1,
            1,
            "S",
            22,
            23,
            0.0,
            0.0,
            0.0,
            0,
            0.0,
            0.0
        ],
        [
            23,
            1,
            1,
