{
    "INFORMATION": [
        [
            "ModelName",
            "D:/Pycharm/Pywork/Mastan0515/Source/gui/msasect/examples/Aluminum-Section/Outline/Aluminum-Section-04_Outline.Json"
        ],
        [
            "Version",
            ""
        ],
        [
            "Date",
            ""
        ],
        [
            "LastRevised",
            ""
        ],
        [
            "Description",
            ""
        ]
    ],
    "MATERIAL": [
        [
            1,
            205000.0,
            78846.15384615384,
            0.3,
            345.0,
            0.15,
            0.00785,
            "S",
            1,
            20500,
            39000,
            0,
            1,
            0,
            "#aaffff",
            2,
            0,
            0,
            0,
            0,
            0,
            0
        ]
    ],
    "POINT": [
        [
            1,
            -6.069999999999986,
            39.11500000000002
        ],
        [
            2,
            -6.069999999999989,
            30.00000000000002
        ],
        [
            3,
            -4.929999999999989,
            30.00000000000002
        ],
        [
            4,
            -4.929999999999985,
            37.88500000000001
        ],
        [
            5,
            -0.7099999999999862,
            37.88500000000001
        ],
        [
            6,
            -0.7100000000000002,
            -0.669999999999987
        ],
        [
            7,
            22.045,
            -0.6699999999999953
        ],
        [
            8,
            22.045,
            -4.599794101081135
        ],
        [
            9,
            4.019715675290675,
            -17.35172396909357
        ],
        [
            10,
            2.234696470399242,
            -15.07988134468629
        ],
        [
            11,
            1.165303529600747,
            -15.92011865531368
        ],
        [
            12,
            3.780284324709313,
            -19.2482760309064
        ],
        [
            13,
            23.355,
            -5.400205898918851
        ],
        [
            14,
            23.355,
            -0.6999999999999956
        ],
        [
            15,
            25.7,
            -0.6999999999999966
        ],
        [
            16,
            25.7,
            -0.6399999999999966
        ],
        [
            17,
            31.5,
            -0.6399999999999987
        ],
        [
            18,
            31.5,
            -0.5799999999999987
        ],
        [
            19,
            35.0,
            -0.58
        ],
        [
            20,
            35.0,
            0.58
        ],
        [
            21,
            32.165,
            0.5800000000000012
        ],
        [
            22,
            32.16500000000001,
            19.5
        ],
        [
            23,
            30.83500000000001,
            19.5
        ],
        [
            24,
            30.83500000000001,
            0.6400000000000016
        ],
        [
            25,
            26.185,
            0.6400000000000033
        ],
        [
            26,
            26.18500000000001,
            21.10000000000001
        ],
        [
            27,
            25.21500000000001,
            21.10000000000001
        ],
        [
            28,
            25.215,
            0.7000000000000037
        ],
        [
            29,
            22.7,
            0.7000000000000046
        ],
        [
            30,
            22.7,
            0.6700000000000046
        ],
        [
            31,
            0.7100000000000004,
            0.6700000000000128
        ],
        [
            32,
            0.7100000000000143,
            39.11500000000002
        ]
    ],
    "OUTLINE": [
        [
            1,
            1,
            1,
            "S",
            1,
            2,
            0.0,
            0.0,
            0.0,
            0,
            0.0,
            0.0
        ],
        [
            2,
            1,
            1,
            "S",
            2,
            3,
            0.0,
            0.0,
            0.0,
            0,
            0.0,
            0.0
        ],
        [
            3,
            1,
            1,
            "S",
            3,
            4,
            0.0,
            0.0,
            0.0,
            0,
            0.0,
            0.0
        ],
        [
            4,
            1,
            1,
            "S",
            4,
            5,
            0.0,
            0.0,
            0.0,
            0,
            0.0,
            0.0
        ],
        [
            5,
            1,
            1,
            "S",
            5,
            6,
            0.0,
            0.0,
            0.0,
            0,
            0.0,
            0.0
        ],
        [
            6,
            1,
            1,
            "S",
            6,
            7,
            0.0,
            0.0,
            0.0,
            0,
            0.0,
            0.0
        ],
        [
            7,
            1,
            1,
            "S",
            7,
            8,
            0.0,
            0.0,
            0.0,
            0,
            0.0,
            0.0
        ],
        [
            8,
            1,
            1,
            "S",
            8,
            9,
            0.0,
            0.0,
            0.0,
            0,
            0.0,
            0.0
        ],
        [
            9,
            1,
            1,
            "S",
            9,
            10,
            0.0,
            0.0,
            0.0,
            0,
            0.0,
            0.0
        ],
        [
            10,
            1,
            1,
            "S",
            10,
            11,
            0.0,
            0.0,
            0.0,
            0,
            0.0,
            0.0
        ],
        [
            11,
            1,
            1,
            "S",
            11,
            12,
            0.0,
            0.0,
            0.0,
            0,
            0.0,
            0.0
        ],
        [
            12,
            1,
            1,
            "S",
            12,
            13,
            0.0,
            0.0,
            0.0,
            0,
            0.0,
            0.0
        ],
        [
            13,
            1,
            1,
            "S",
            13,
            14,
            0.0,
            0.0,
            0.0,
            0,
            0.0,
            0.0
        ],
        [
            14,
            1,
            1,
            "S",
            14,
            15,
            0.0,
            0.0,
            0.0,
            0,
            0.0,
            0.0
        ],
        [
            15,
            1,
            1,
            "S",
            15,
            16,
            0.0,
            0.0,
            0.0,
            0,
            0.0,
            0.0
        ],
        [
            16,
            1,
            1,
            "S",
            16,
            17,
            0.0,
            0.0,
            0.0,
            0,
            0.0,
            0.0
        ],
        [
            17,
            1,
            1,
            "S",
            17,
            18,
            0.0,
            0.0,
            0.0,
            0,
            0.0,
            0.0
        ],
        [
            18,
            1,
            1,
            "S",
            18,
            19,
            0.0,
            0.0,
            0.0,
            0,
            0.0,
            0.0
        ],
        [
            19,
            1,
            1,
            "S",
            19,
            20,
            0.0,
            0.0,
            0.0,
            0,
            0.0,
            0.0
        ],
        [
            20,
            1,
            1,
            "S",
            20,
